STATION,NAME,DATE,TMAX,TMIN,WDFG,WSFG
SPW00013025,"ROTA NAS, SP",1/1/1970,56,43,270,11.4
SPW00013025,"ROTA NAS, SP",1/2/1970,62,48,135,34.4
SPW00013025,"ROTA NAS, SP",1/3/1970,63,58,248,21.9
SPW00013025,"ROTA NAS, SP",1/4/1970,64,58,180,34.4
SPW00013025,"ROTA NAS, SP",1/5/1970,60,53,225,48.3
SPW00013025,"ROTA NAS, SP",1/6/1970,61,52,270,48.3
SPW00013025,"ROTA NAS, SP",1/7/1970,60,55,180,28.9
SPW00013025,"ROTA NAS, SP",1/8/1970,63,58,180,33.3
SPW00013025,"ROTA NAS, SP",1/9/1970,61,56,180,35.6
SPW00013025,"ROTA NAS, SP",1/10/1970,62,51,248,47.2
SPW00013025,"ROTA NAS, SP",1/11/1970,60,50,270,46.1
SPW00013025,"ROTA NAS, SP",1/12/1970,60,54,270,46.1
SPW00013025,"ROTA NAS, SP",1/13/1970,60,55,203,32.2
SPW00013025,"ROTA NAS, SP",1/14/1970,64,52,248,34.4
SPW00013025,"ROTA NAS, SP",1/15/1970,56,46,248,31.1
SPW00013025,"ROTA NAS, SP",1/16/1970,65,42,180,19.5
SPW00013025,"ROTA NAS, SP",1/17/1970,59,44,203,16.1
SPW00013025,"ROTA NAS, SP",1/18/1970,65,48,158,12.8
SPW00013025,"ROTA NAS, SP",1/19/1970,69,44,135,16.1
SPW00013025,"ROTA NAS, SP",1/20/1970,63,44,315,10.3
SPW00013025,"ROTA NAS, SP",1/21/1970,59,43,360,15
SPW00013025,"ROTA NAS, SP",1/22/1970,62,42,360,13.9
SPW00013025,"ROTA NAS, SP",1/23/1970,56,51,180,28.9
SPW00013025,"ROTA NAS, SP",1/24/1970,62,53,180,19.5
SPW00013025,"ROTA NAS, SP",1/25/1970,59,52,180,25.3
SPW00013025,"ROTA NAS, SP",1/26/1970,55,48,293,24.2
SPW00013025,"ROTA NAS, SP",1/27/1970,56,38,315,10.3
SPW00013025,"ROTA NAS, SP",1/28/1970,58,43,248,13.9
SPW00013025,"ROTA NAS, SP",1/29/1970,59,51,293,16.1
SPW00013025,"ROTA NAS, SP",1/30/1970,60,53,270,21.9
SPW00013025,"ROTA NAS, SP",1/31/1970,60,48,293,11.4
SPW00013025,"ROTA NAS, SP",2/1/1970,62,50,270,28.9
SPW00013025,"ROTA NAS, SP",2/2/1970,62,48,45,18.3
SPW00013025,"ROTA NAS, SP",2/3/1970,64,46,23,17.2
SPW00013025,"ROTA NAS, SP",2/4/1970,58,49,293,15
SPW00013025,"ROTA NAS, SP",2/5/1970,59,51,270,21.9
SPW00013025,"ROTA NAS, SP",2/6/1970,59,52,180,28.9
SPW00013025,"ROTA NAS, SP",2/7/1970,65,48,23,18.3
SPW00013025,"ROTA NAS, SP",2/8/1970,59,48,68,20.8
SPW00013025,"ROTA NAS, SP",2/9/1970,63,49,90,21.9
SPW00013025,"ROTA NAS, SP",2/10/1970,62,44,293,12.8
SPW00013025,"ROTA NAS, SP",2/11/1970,61,42,293,18.3
SPW00013025,"ROTA NAS, SP",2/12/1970,60,51,293,15
SPW00013025,"ROTA NAS, SP",2/13/1970,60,51,315,24.2
SPW00013025,"ROTA NAS, SP",2/14/1970,57,43,315,26.4
SPW00013025,"ROTA NAS, SP",2/15/1970,54,32,23,19.5
SPW00013025,"ROTA NAS, SP",2/16/1970,60,38,23,23
SPW00013025,"ROTA NAS, SP",2/17/1970,62,35,23,18.3
SPW00013025,"ROTA NAS, SP",2/18/1970,65,38,23,17.2
SPW00013025,"ROTA NAS, SP",2/19/1970,68,40,45,16.1
SPW00013025,"ROTA NAS, SP",2/20/1970,70,40,23,15
SPW00013025,"ROTA NAS, SP",2/21/1970,74,38,45,10.3
SPW00013025,"ROTA NAS, SP",2/22/1970,74,45,23,17.2
SPW00013025,"ROTA NAS, SP",2/23/1970,71,44,360,16.1
SPW00013025,"ROTA NAS, SP",2/24/1970,68,39,360,16.1
SPW00013025,"ROTA NAS, SP",2/25/1970,65,44,180,10.3
SPW00013025,"ROTA NAS, SP",2/26/1970,64,40,360,26.4
SPW00013025,"ROTA NAS, SP",2/27/1970,62,38,270,16.1
SPW00013025,"ROTA NAS, SP",2/28/1970,66,38,113,30
SPW00013025,"ROTA NAS, SP",3/1/1970,60,51,113,26.4
SPW00013025,"ROTA NAS, SP",3/2/1970,63,50,113,23
SPW00013025,"ROTA NAS, SP",3/3/1970,61,51,293,26.4
SPW00013025,"ROTA NAS, SP",3/4/1970,61,46,293,17.2
SPW00013025,"ROTA NAS, SP",3/5/1970,60,45,293,15
SPW00013025,"ROTA NAS, SP",3/6/1970,62,42,225,12.8
SPW00013025,"ROTA NAS, SP",3/7/1970,67,42,180,18.3
SPW00013025,"ROTA NAS, SP",3/8/1970,64,40,270,11.4
SPW00013025,"ROTA NAS, SP",3/9/1970,62,46,248,17.2
SPW00013025,"ROTA NAS, SP",3/10/1970,61,44,248,16.1
SPW00013025,"ROTA NAS, SP",3/11/1970,67,40,113,27.5
SPW00013025,"ROTA NAS, SP",3/12/1970,62,45,113,30
SPW00013025,"ROTA NAS, SP",3/13/1970,59,45,270,27.5
SPW00013025,"ROTA NAS, SP",3/14/1970,58,44,270,40.3
SPW00013025,"ROTA NAS, SP",3/15/1970,60,40,315,24.2
SPW00013025,"ROTA NAS, SP",3/16/1970,60,36,270,20.8
SPW00013025,"ROTA NAS, SP",3/17/1970,65,37,45,20.8
SPW00013025,"ROTA NAS, SP",3/18/1970,68,36,270,13.9
SPW00013025,"ROTA NAS, SP",3/19/1970,64,41,270,13.9
SPW00013025,"ROTA NAS, SP",3/20/1970,72,43,248,11.4
SPW00013025,"ROTA NAS, SP",3/21/1970,76,52,90,20.8
SPW00013025,"ROTA NAS, SP",3/22/1970,65,51,270,17.2
SPW00013025,"ROTA NAS, SP",3/23/1970,63,46,315,21.9
SPW00013025,"ROTA NAS, SP",3/24/1970,62,40,293,19.5
SPW00013025,"ROTA NAS, SP",3/25/1970,63,40,293,17.2
SPW00013025,"ROTA NAS, SP",3/26/1970,63,47,23,20.8
SPW00013025,"ROTA NAS, SP",3/27/1970,66,52,113,25.3
SPW00013025,"ROTA NAS, SP",3/28/1970,62,53,225,39.1
SPW00013025,"ROTA NAS, SP",3/29/1970,67,50,270,12.8
SPW00013025,"ROTA NAS, SP",3/30/1970,68,49,180,19.5
SPW00013025,"ROTA NAS, SP",3/31/1970,66,52,270,13.9
SPW00013025,"ROTA NAS, SP",4/1/1970,65,46,270,17.2
SPW00013025,"ROTA NAS, SP",4/2/1970,59,52,293,19.5
SPW00013025,"ROTA NAS, SP",4/3/1970,60,54,135,16.1
SPW00013025,"ROTA NAS, SP",4/4/1970,70,53,113,17.2
SPW00013025,"ROTA NAS, SP",4/5/1970,71,47,113,31.1
SPW00013025,"ROTA NAS, SP",4/6/1970,68,56,180,20.8
SPW00013025,"ROTA NAS, SP",4/7/1970,68,52,315,26.4
SPW00013025,"ROTA NAS, SP",4/8/1970,65,52,315,26.4
SPW00013025,"ROTA NAS, SP",4/9/1970,63,50,270,21.9
SPW00013025,"ROTA NAS, SP",4/10/1970,64,48,270,20.8
SPW00013025,"ROTA NAS, SP",4/11/1970,64,45,270,17.2
SPW00013025,"ROTA NAS, SP",4/12/1970,69,53,270,17.2
SPW00013025,"ROTA NAS, SP",4/13/1970,75,56,360,17.2
SPW00013025,"ROTA NAS, SP",4/14/1970,81,51,23,18.3
SPW00013025,"ROTA NAS, SP",4/15/1970,81,50,113,18.3
SPW00013025,"ROTA NAS, SP",4/16/1970,81,52,90,25.3
SPW00013025,"ROTA NAS, SP",4/17/1970,84,50,113,24.2
SPW00013025,"ROTA NAS, SP",4/18/1970,77,50,225,15
SPW00013025,"ROTA NAS, SP",4/19/1970,68,54,315,30
SPW00013025,"ROTA NAS, SP",4/20/1970,70,49,315,32.2
SPW00013025,"ROTA NAS, SP",4/21/1970,73,44,360,20.8
SPW00013025,"ROTA NAS, SP",4/22/1970,80,45,45,18.3
SPW00013025,"ROTA NAS, SP",4/23/1970,77,47,270,13.9
SPW00013025,"ROTA NAS, SP",4/24/1970,79,50,270,15
SPW00013025,"ROTA NAS, SP",4/25/1970,74,52,315,18.3
SPW00013025,"ROTA NAS, SP",4/26/1970,68,54,338,26.4
SPW00013025,"ROTA NAS, SP",4/27/1970,66,45,315,25.3
SPW00013025,"ROTA NAS, SP",4/28/1970,71,44,293,25.3
SPW00013025,"ROTA NAS, SP",4/29/1970,72,43,23,24.2
SPW00013025,"ROTA NAS, SP",4/30/1970,78,43,45,16.1
SPW00013025,"ROTA NAS, SP",5/1/1970,79,47,135,26.4
SPW00013025,"ROTA NAS, SP",5/2/1970,77,51,135,33.3
SPW00013025,"ROTA NAS, SP",5/3/1970,70,57,113,25.3
SPW00013025,"ROTA NAS, SP",5/4/1970,67,56,270,20.8
SPW00013025,"ROTA NAS, SP",5/5/1970,68,56,270,26.4
SPW00013025,"ROTA NAS, SP",5/6/1970,64,49,248,26.4
SPW00013025,"ROTA NAS, SP",5/7/1970,63,48,293,25.3
SPW00013025,"ROTA NAS, SP",5/8/1970,59,43,158,38
SPW00013025,"ROTA NAS, SP",5/9/1970,58,47,248,26.4
SPW00013025,"ROTA NAS, SP",5/10/1970,58,47,135,19.5
SPW00013025,"ROTA NAS, SP",5/11/1970,67,52,225,28.9
SPW00013025,"ROTA NAS, SP",5/12/1970,66,54,203,18.3
SPW00013025,"ROTA NAS, SP",5/13/1970,73,48,203,15
SPW00013025,"ROTA NAS, SP",5/14/1970,72,60,248,25.3
SPW00013025,"ROTA NAS, SP",5/15/1970,72,58,248,18.3
SPW00013025,"ROTA NAS, SP",5/16/1970,71,52,270,21.9
SPW00013025,"ROTA NAS, SP",5/17/1970,83,54,45,33.3
SPW00013025,"ROTA NAS, SP",5/18/1970,83,53,23,28.9
SPW00013025,"ROTA NAS, SP",5/19/1970,83,52,113,25.3
SPW00013025,"ROTA NAS, SP",5/20/1970,82,53,113,24.2
SPW00013025,"ROTA NAS, SP",5/21/1970,84,51,158,16.1
SPW00013025,"ROTA NAS, SP",5/22/1970,88,52,180,12.8
SPW00013025,"ROTA NAS, SP",5/23/1970,87,54,113,30
SPW00013025,"ROTA NAS, SP",5/24/1970,87,59,113,34.4
SPW00013025,"ROTA NAS, SP",5/25/1970,90,58,135,23
SPW00013025,"ROTA NAS, SP",5/26/1970,82,56,113,28.9
SPW00013025,"ROTA NAS, SP",5/27/1970,85,55,113,27.5
SPW00013025,"ROTA NAS, SP",5/28/1970,81,52,135,16.1
SPW00013025,"ROTA NAS, SP",5/29/1970,84,56,225,10.3
SPW00013025,"ROTA NAS, SP",5/30/1970,89,59,135,21.9
SPW00013025,"ROTA NAS, SP",5/31/1970,83,66,113,34.4
SPW00013025,"ROTA NAS, SP",6/1/1970,82,64,135,27.5
SPW00013025,"ROTA NAS, SP",6/2/1970,87,56,135,27.5
SPW00013025,"ROTA NAS, SP",6/3/1970,72,62,203,21.9
SPW00013025,"ROTA NAS, SP",6/4/1970,72,60,203,16.1
SPW00013025,"ROTA NAS, SP",6/5/1970,70,58,180,28.9
SPW00013025,"ROTA NAS, SP",6/6/1970,69,59,225,35.6
SPW00013025,"ROTA NAS, SP",6/7/1970,69,59,270,30
SPW00013025,"ROTA NAS, SP",6/8/1970,70,59,270,24.2
SPW00013025,"ROTA NAS, SP",6/9/1970,75,55,293,17.2
SPW00013025,"ROTA NAS, SP",6/10/1970,79,52,225,16.1
SPW00013025,"ROTA NAS, SP",6/11/1970,73,58,315,19.5
SPW00013025,"ROTA NAS, SP",6/12/1970,79,57,270,20.8
SPW00013025,"ROTA NAS, SP",6/13/1970,73,59,293,23
SPW00013025,"ROTA NAS, SP",6/14/1970,74,58,270,18.3
SPW00013025,"ROTA NAS, SP",6/15/1970,73,62,248,20.8
SPW00013025,"ROTA NAS, SP",6/16/1970,72,57,248,17.2
SPW00013025,"ROTA NAS, SP",6/17/1970,69,58,248,24.2
SPW00013025,"ROTA NAS, SP",6/18/1970,70,57,180,19.5
SPW00013025,"ROTA NAS, SP",6/19/1970,73,54,270,17.2
SPW00013025,"ROTA NAS, SP",6/20/1970,85,55,270,15
SPW00013025,"ROTA NAS, SP",6/21/1970,87,55,270,18.3
SPW00013025,"ROTA NAS, SP",6/22/1970,81,55,270,15
SPW00013025,"ROTA NAS, SP",6/23/1970,78,53,248,12.8
SPW00013025,"ROTA NAS, SP",6/24/1970,89,58,135,25.3
SPW00013025,"ROTA NAS, SP",6/25/1970,88,64,113,20.8
SPW00013025,"ROTA NAS, SP",6/26/1970,85,60,270,18.3
SPW00013025,"ROTA NAS, SP",6/27/1970,74,64,180,16.1
SPW00013025,"ROTA NAS, SP",6/28/1970,82,59,270,17.2
SPW00013025,"ROTA NAS, SP",6/29/1970,88,59,270,11.4
SPW00013025,"ROTA NAS, SP",6/30/1970,88,59,293,15
SPW00013025,"ROTA NAS, SP",7/1/1970,92,60,248,13.9
SPW00013025,"ROTA NAS, SP",7/2/1970,86,65,270,16.1
SPW00013025,"ROTA NAS, SP",7/3/1970,89,64,293,18.3
SPW00013025,"ROTA NAS, SP",7/4/1970,85,62,180,15
SPW00013025,"ROTA NAS, SP",7/5/1970,92,70,113,31.1
SPW00013025,"ROTA NAS, SP",7/6/1970,91,68,180,24.2
SPW00013025,"ROTA NAS, SP",7/7/1970,78,62,270,21.9
SPW00013025,"ROTA NAS, SP",7/8/1970,75,61,270,20.8
SPW00013025,"ROTA NAS, SP",7/9/1970,83,63,270,19.5
SPW00013025,"ROTA NAS, SP",7/10/1970,83,60,158,15
SPW00013025,"ROTA NAS, SP",7/11/1970,91,60,135,18.3
SPW00013025,"ROTA NAS, SP",7/12/1970,95,63,68,12.8
SPW00013025,"ROTA NAS, SP",7/13/1970,93,64,270,17.2
SPW00013025,"ROTA NAS, SP",7/14/1970,84,62,270,20.8
SPW00013025,"ROTA NAS, SP",7/15/1970,90,68,270,13.9
SPW00013025,"ROTA NAS, SP",7/16/1970,92,70,158,28.9
SPW00013025,"ROTA NAS, SP",7/17/1970,92,71,113,20.8
SPW00013025,"ROTA NAS, SP",7/18/1970,92,70,135,18.3
SPW00013025,"ROTA NAS, SP",7/19/1970,85,65,293,17.2
SPW00013025,"ROTA NAS, SP",7/20/1970,83,62,248,13.9
SPW00013025,"ROTA NAS, SP",7/21/1970,78,62,225,15
SPW00013025,"ROTA NAS, SP",7/22/1970,75,65,270,18.3
SPW00013025,"ROTA NAS, SP",7/23/1970,83,58,293,17.2
SPW00013025,"ROTA NAS, SP",7/24/1970,91,61,293,18.3
SPW00013025,"ROTA NAS, SP",7/25/1970,101,65,360,18.3
SPW00013025,"ROTA NAS, SP",7/26/1970,92,71,90,18.3
SPW00013025,"ROTA NAS, SP",7/27/1970,86,69,158,16.1
SPW00013025,"ROTA NAS, SP",7/28/1970,85,64,270,16.1
SPW00013025,"ROTA NAS, SP",7/29/1970,89,64,270,19.5
SPW00013025,"ROTA NAS, SP",7/30/1970,79,67,203,15
SPW00013025,"ROTA NAS, SP",7/31/1970,82,63,270,16.1
SPW00013025,"ROTA NAS, SP",8/1/1970,92,66,135,25.3
SPW00013025,"ROTA NAS, SP",8/2/1970,81,70,135,21.9
SPW00013025,"ROTA NAS, SP",8/3/1970,80,68,248,16.1
SPW00013025,"ROTA NAS, SP",8/4/1970,78,64,270,21.9
SPW00013025,"ROTA NAS, SP",8/5/1970,77,66,293,17.2
SPW00013025,"ROTA NAS, SP",8/6/1970,86,55,293,18.3
SPW00013025,"ROTA NAS, SP",8/7/1970,91,58,315,19.5
SPW00013025,"ROTA NAS, SP",8/8/1970,95,62,293,17.2
SPW00013025,"ROTA NAS, SP",8/9/1970,86,65,293,19.5
SPW00013025,"ROTA NAS, SP",8/10/1970,82,63,203,19.5
SPW00013025,"ROTA NAS, SP",8/11/1970,85,64,293,15
SPW00013025,"ROTA NAS, SP",8/12/1970,86,62,90,15
SPW00013025,"ROTA NAS, SP",8/13/1970,80,63,248,18.3
SPW00013025,"ROTA NAS, SP",8/14/1970,79,61,270,18.3
SPW00013025,"ROTA NAS, SP",8/15/1970,83,59,270,17.2
SPW00013025,"ROTA NAS, SP",8/16/1970,84,56,315,17.2
SPW00013025,"ROTA NAS, SP",8/17/1970,89,58,293,20.8
SPW00013025,"ROTA NAS, SP",8/18/1970,83,60,293,19.5
SPW00013025,"ROTA NAS, SP",8/19/1970,78,62,270,24.2
SPW00013025,"ROTA NAS, SP",8/20/1970,79,58,270,21.9
SPW00013025,"ROTA NAS, SP",8/21/1970,75,56,248,17.2
SPW00013025,"ROTA NAS, SP",8/22/1970,79,57,270,17.2
SPW00013025,"ROTA NAS, SP",8/23/1970,79,60,270,17.2
SPW00013025,"ROTA NAS, SP",8/24/1970,91,58,135,21.9
SPW00013025,"ROTA NAS, SP",8/25/1970,91,63,158,26.4
SPW00013025,"ROTA NAS, SP",8/26/1970,79,67,203,24.2
SPW00013025,"ROTA NAS, SP",8/27/1970,87,65,248,20.8
SPW00013025,"ROTA NAS, SP",8/28/1970,78,64,248,16.1
SPW00013025,"ROTA NAS, SP",8/29/1970,80,63,315,15
SPW00013025,"ROTA NAS, SP",8/30/1970,87,59,270,12.8
SPW00013025,"ROTA NAS, SP",8/31/1970,96,63,158,23
SPW00013025,"ROTA NAS, SP",9/1/1970,100,72,90,23
SPW00013025,"ROTA NAS, SP",9/2/1970,98,68,68,16.1
SPW00013025,"ROTA NAS, SP",9/3/1970,92,67,158,15
SPW00013025,"ROTA NAS, SP",9/4/1970,94,71,135,40.3
SPW00013025,"ROTA NAS, SP",9/5/1970,96,75,158,26.4
SPW00013025,"ROTA NAS, SP",9/6/1970,92,71,135,26.4
SPW00013025,"ROTA NAS, SP",9/7/1970,80,67,293,21.9
SPW00013025,"ROTA NAS, SP",9/8/1970,83,64,270,24.2
SPW00013025,"ROTA NAS, SP",9/9/1970,80,58,293,20.8
SPW00013025,"ROTA NAS, SP",9/10/1970,75,57,293,21.9
SPW00013025,"ROTA NAS, SP",9/11/1970,75,59,360,23
SPW00013025,"ROTA NAS, SP",9/12/1970,77,52,338,21.9
SPW00013025,"ROTA NAS, SP",9/13/1970,78,50,270,13.9
SPW00013025,"ROTA NAS, SP",9/14/1970,79,55,338,17.2
SPW00013025,"ROTA NAS, SP",9/15/1970,83,57,315,21.9
SPW00013025,"ROTA NAS, SP",9/16/1970,86,58,113,30
SPW00013025,"ROTA NAS, SP",9/17/1970,89,71,113,35.6
SPW00013025,"ROTA NAS, SP",9/18/1970,87,64,113,33.3
SPW00013025,"ROTA NAS, SP",9/19/1970,90,59,135,31.1
SPW00013025,"ROTA NAS, SP",9/20/1970,93,60,113,32.2
SPW00013025,"ROTA NAS, SP",9/21/1970,96,73,113,26.4
SPW00013025,"ROTA NAS, SP",9/22/1970,87,63,113,18.3
SPW00013025,"ROTA NAS, SP",9/23/1970,73,57,180,20.8
SPW00013025,"ROTA NAS, SP",9/24/1970,78,57,293,17.2
SPW00013025,"ROTA NAS, SP",9/25/1970,73,57,203,16.1
SPW00013025,"ROTA NAS, SP",9/26/1970,79,57,225,16.1
SPW00013025,"ROTA NAS, SP",9/27/1970,87,59,90,28.9
SPW00013025,"ROTA NAS, SP",9/28/1970,85,69,135,36.7
SPW00013025,"ROTA NAS, SP",9/29/1970,85,67,113,41.4
SPW00013025,"ROTA NAS, SP",9/30/1970,87,60,113,30
SPW00013025,"ROTA NAS, SP",10/1/1970,87,57,293,17.2
SPW00013025,"ROTA NAS, SP",10/2/1970,92,60,45,25.3
SPW00013025,"ROTA NAS, SP",10/3/1970,93,58,45,17.2
SPW00013025,"ROTA NAS, SP",10/4/1970,85,58,135,20.8
SPW00013025,"ROTA NAS, SP",10/5/1970,85,57,135,24.2
SPW00013025,"ROTA NAS, SP",10/6/1970,75,58,180,19.5
SPW00013025,"ROTA NAS, SP",10/7/1970,73,60,248,21.9
SPW00013025,"ROTA NAS, SP",10/8/1970,66,54,225,20.8
SPW00013025,"ROTA NAS, SP",10/9/1970,65,51,315,15
SPW00013025,"ROTA NAS, SP",10/10/1970,69,50,68,15
SPW00013025,"ROTA NAS, SP",10/11/1970,73,52,270,17.2
SPW00013025,"ROTA NAS, SP",10/12/1970,70,50,270,13.9
SPW00013025,"ROTA NAS, SP",10/13/1970,80,52,45,20.8
SPW00013025,"ROTA NAS, SP",10/14/1970,79,51,135,18.3
SPW00013025,"ROTA NAS, SP",10/15/1970,83,55,135,23
SPW00013025,"ROTA NAS, SP",10/16/1970,79,53,135,21.9
SPW00013025,"ROTA NAS, SP",10/17/1970,80,63,113,26.4
SPW00013025,"ROTA NAS, SP",10/18/1970,82,55,113,21.9
SPW00013025,"ROTA NAS, SP",10/19/1970,78,54,270,17.2
SPW00013025,"ROTA NAS, SP",10/20/1970,69,52,315,21.9
SPW00013025,"ROTA NAS, SP",10/21/1970,72,52,45,23
SPW00013025,"ROTA NAS, SP",10/22/1970,68,45,45,39.1
SPW00013025,"ROTA NAS, SP",10/23/1970,70,41,113,28.9
SPW00013025,"ROTA NAS, SP",10/24/1970,73,44,113,28.9
SPW00013025,"ROTA NAS, SP",10/25/1970,74,58,113,34.4
SPW00013025,"ROTA NAS, SP",10/26/1970,76,48,113,24.2
SPW00013025,"ROTA NAS, SP",10/27/1970,72,51,135,24.2
SPW00013025,"ROTA NAS, SP",10/28/1970,75,60,135,24.2
SPW00013025,"ROTA NAS, SP",10/29/1970,73,57,113,24.2
SPW00013025,"ROTA NAS, SP",10/30/1970,75,59,135,30
SPW00013025,"ROTA NAS, SP",10/31/1970,79,51,113,24.2
SPW00013025,"ROTA NAS, SP",11/1/1970,82,52,135,17.2
SPW00013025,"ROTA NAS, SP",11/2/1970,83,50,135,13.9
SPW00013025,"ROTA NAS, SP",11/3/1970,81,48,225,9.2
SPW00013025,"ROTA NAS, SP",11/4/1970,83,45,135,13.9
SPW00013025,"ROTA NAS, SP",11/5/1970,83,43,45,9.2
SPW00013025,"ROTA NAS, SP",11/6/1970,76,48,248,10.3
SPW00013025,"ROTA NAS, SP",11/7/1970,67,54,293,21.9
SPW00013025,"ROTA NAS, SP",11/8/1970,71,54,113,28.9
SPW00013025,"ROTA NAS, SP",11/9/1970,77,54,113,25.3
SPW00013025,"ROTA NAS, SP",11/10/1970,73,48,113,23
SPW00013025,"ROTA NAS, SP",11/11/1970,73,49,90,31.1
SPW00013025,"ROTA NAS, SP",11/12/1970,67,55,90,25.3
SPW00013025,"ROTA NAS, SP",11/13/1970,60,51,293,23
SPW00013025,"ROTA NAS, SP",11/14/1970,63,49,270,17.2
SPW00013025,"ROTA NAS, SP",11/15/1970,64,49,315,19.5
SPW00013025,"ROTA NAS, SP",11/16/1970,65,46,293,15
SPW00013025,"ROTA NAS, SP",11/17/1970,68,45,270,12.8
SPW00013025,"ROTA NAS, SP",11/18/1970,67,48,225,19.5
SPW00013025,"ROTA NAS, SP",11/19/1970,67,60,225,23
SPW00013025,"ROTA NAS, SP",11/20/1970,69,56,225,23
SPW00013025,"ROTA NAS, SP",11/21/1970,66,52,248,28.9
SPW00013025,"ROTA NAS, SP",11/22/1970,68,47,23,17.2
SPW00013025,"ROTA NAS, SP",11/23/1970,74,50,113,27.5
SPW00013025,"ROTA NAS, SP",11/24/1970,63,58,180,33.3
SPW00013025,"ROTA NAS, SP",11/25/1970,71,57,113,33.3
SPW00013025,"ROTA NAS, SP",11/26/1970,73,61,68,39.1
SPW00013025,"ROTA NAS, SP",11/27/1970,72,60,113,27.5
SPW00013025,"ROTA NAS, SP",11/28/1970,72,59,113,27.5
SPW00013025,"ROTA NAS, SP",11/29/1970,67,53,270,26.4
SPW00013025,"ROTA NAS, SP",11/30/1970,64,51,360,12.8
SPW00013025,"ROTA NAS, SP",12/1/1970,65,44,23,20.8
SPW00013025,"ROTA NAS, SP",12/2/1970,65,44,23,16.1
SPW00013025,"ROTA NAS, SP",12/3/1970,67,44,45,12.8
SPW00013025,"ROTA NAS, SP",12/4/1970,65,43,23,12.8
SPW00013025,"ROTA NAS, SP",12/5/1970,66,45,113,10.3
SPW00013025,"ROTA NAS, SP",12/6/1970,68,49,45,11.4
SPW00013025,"ROTA NAS, SP",12/7/1970,66,47,158,9.2
SPW00013025,"ROTA NAS, SP",12/8/1970,57,42,23,32.2
SPW00013025,"ROTA NAS, SP",12/9/1970,55,32,113,30
SPW00013025,"ROTA NAS, SP",12/10/1970,63,53,203,46.1
SPW00013025,"ROTA NAS, SP",12/11/1970,62,47,338,17.2
SPW00013025,"ROTA NAS, SP",12/12/1970,62,42,45,17.2
SPW00013025,"ROTA NAS, SP",12/13/1970,63,42,23,16.1
SPW00013025,"ROTA NAS, SP",12/14/1970,58,42,360,15
SPW00013025,"ROTA NAS, SP",12/15/1970,56,36,23,20.8
SPW00013025,"ROTA NAS, SP",12/16/1970,57,34,45,19.5
SPW00013025,"ROTA NAS, SP",12/17/1970,56,32,23,18.3
SPW00013025,"ROTA NAS, SP",12/18/1970,57,36,23,17.2
SPW00013025,"ROTA NAS, SP",12/19/1970,61,34,45,10.3
SPW00013025,"ROTA NAS, SP",12/20/1970,62,36,135,17.2
SPW00013025,"ROTA NAS, SP",12/21/1970,56,36,23,16.1
SPW00013025,"ROTA NAS, SP",12/22/1970,58,37,45,18.3
SPW00013025,"ROTA NAS, SP",12/23/1970,53,34,23,17.2
SPW00013025,"ROTA NAS, SP",12/24/1970,48,30,45,24.2
SPW00013025,"ROTA NAS, SP",12/25/1970,55,25,90,10.3
SPW00013025,"ROTA NAS, SP",12/26/1970,48,36,45,34.4
SPW00013025,"ROTA NAS, SP",12/27/1970,54,40,360,19.5
SPW00013025,"ROTA NAS, SP",12/28/1970,45,39,45,28.9
SPW00013025,"ROTA NAS, SP",12/29/1970,53,36,225,44.7
SPW00013025,"ROTA NAS, SP",12/30/1970,53,44,293,34.4
SPW00013025,"ROTA NAS, SP",12/31/1970,52,40,45,34.4
SPW00013025,"ROTA NAS, SP",1/1/1971,47,33,23,31.1
SPW00013025,"ROTA NAS, SP",1/2/1971,45,28,45,15
SPW00013025,"ROTA NAS, SP",1/3/1971,53,38,135,32.2
SPW00013025,"ROTA NAS, SP",1/4/1971,50,37,45,12.8
SPW00013025,"ROTA NAS, SP",1/5/1971,60,42,248,20.8
SPW00013025,"ROTA NAS, SP",1/6/1971,56,43,23,23
SPW00013025,"ROTA NAS, SP",1/7/1971,61,38,113,18.3
SPW00013025,"ROTA NAS, SP",1/8/1971,61,44,90,30
SPW00013025,"ROTA NAS, SP",1/9/1971,66,41,113,18.3
SPW00013025,"ROTA NAS, SP",1/10/1971,62,38,180,11.4
SPW00013025,"ROTA NAS, SP",1/11/1971,60,51,180,27.5
SPW00013025,"ROTA NAS, SP",1/12/1971,62,50,225,17.2
SPW00013025,"ROTA NAS, SP",1/13/1971,57,45,225,23
SPW00013025,"ROTA NAS, SP",1/14/1971,57,44,315,12.8
SPW00013025,"ROTA NAS, SP",1/15/1971,57,38,315,10.3
SPW00013025,"ROTA NAS, SP",1/16/1971,57,38,23,13.9
SPW00013025,"ROTA NAS, SP",1/17/1971,60,50,293,39.1
SPW00013025,"ROTA NAS, SP",1/18/1971,57,49,315,19.5
SPW00013025,"ROTA NAS, SP",1/19/1971,64,58,248,32.2
SPW00013025,"ROTA NAS, SP",1/20/1971,61,48,225,41.4
SPW00013025,"ROTA NAS, SP",1/21/1971,61,53,293,46.1
SPW00013025,"ROTA NAS, SP",1/22/1971,60,51,248,28.9
SPW00013025,"ROTA NAS, SP",1/23/1971,65,58,270,24.2
SPW00013025,"ROTA NAS, SP",1/24/1971,64,49,270,17.2
SPW00013025,"ROTA NAS, SP",1/25/1971,64,48,248,19.5
SPW00013025,"ROTA NAS, SP",1/26/1971,65,49,270,13.9
SPW00013025,"ROTA NAS, SP",1/27/1971,62,51,360,20.8
SPW00013025,"ROTA NAS, SP",1/28/1971,62,44,68,15
SPW00013025,"ROTA NAS, SP",1/29/1971,61,44,315,46.1
SPW00013025,"ROTA NAS, SP",1/30/1971,54,47,135,25.3
SPW00013025,"ROTA NAS, SP",1/31/1971,56,45,293,40.3
SPW00013025,"ROTA NAS, SP",2/1/1971,59,39,80,15
SPW00013025,"ROTA NAS, SP",2/2/1971,64,45,130,21.9
SPW00013025,"ROTA NAS, SP",2/3/1971,64,41,130,31.1
SPW00013025,"ROTA NAS, SP",2/4/1971,64,48,130,28.9
SPW00013025,"ROTA NAS, SP",2/5/1971,61,45,110,32.2
SPW00013025,"ROTA NAS, SP",2/6/1971,62,46,110,28.9
SPW00013025,"ROTA NAS, SP",2/7/1971,63,40,30,16.1
SPW00013025,"ROTA NAS, SP",2/8/1971,63,38,270,10.3
SPW00013025,"ROTA NAS, SP",2/9/1971,59,43,230,16.1
SPW00013025,"ROTA NAS, SP",2/10/1971,60,47,270,11.4
SPW00013025,"ROTA NAS, SP",2/11/1971,63,48,120,26.4
SPW00013025,"ROTA NAS, SP",2/12/1971,64,44,110,24.2
SPW00013025,"ROTA NAS, SP",2/13/1971,68,44,80,12.8
SPW00013025,"ROTA NAS, SP",2/14/1971,61,42,270,10.3
SPW00013025,"ROTA NAS, SP",2/15/1971,55,45,270,25.3
SPW00013025,"ROTA NAS, SP",2/16/1971,61,50,280,27.5
SPW00013025,"ROTA NAS, SP",2/17/1971,61,45,270,19.5
SPW00013025,"ROTA NAS, SP",2/18/1971,62,44,300,17.2
SPW00013025,"ROTA NAS, SP",2/19/1971,63,44,300,16.1
SPW00013025,"ROTA NAS, SP",2/20/1971,66,45,60,15
SPW00013025,"ROTA NAS, SP",2/21/1971,70,44,240,11.4
SPW00013025,"ROTA NAS, SP",2/22/1971,73,44,130,16.1
SPW00013025,"ROTA NAS, SP",2/23/1971,67,46,90,26.4
SPW00013025,"ROTA NAS, SP",2/24/1971,71,43,100,16.1
SPW00013025,"ROTA NAS, SP",2/25/1971,67,48,110,28.9
SPW00013025,"ROTA NAS, SP",2/26/1971,77,40,30,15
SPW00013025,"ROTA NAS, SP",2/27/1971,69,43,260,17.2
SPW00013025,"ROTA NAS, SP",2/28/1971,67,42,330,10.3
SPW00013025,"ROTA NAS, SP",3/1/1971,70,40,120,20.8
SPW00013025,"ROTA NAS, SP",3/2/1971,69,41,40,18.3
SPW00013025,"ROTA NAS, SP",3/3/1971,68,42,100,12.8
SPW00013025,"ROTA NAS, SP",3/4/1971,72,42,280,13.9
SPW00013025,"ROTA NAS, SP",3/5/1971,68,41,70,16.1
SPW00013025,"ROTA NAS, SP",3/6/1971,65,36,100,24.2
SPW00013025,"ROTA NAS, SP",3/7/1971,55,45,120,20.8
SPW00013025,"ROTA NAS, SP",3/8/1971,56,41,270,27.5
SPW00013025,"ROTA NAS, SP",3/9/1971,54,40,280,23
SPW00013025,"ROTA NAS, SP",3/10/1971,63,34,120,28.9
SPW00013025,"ROTA NAS, SP",3/11/1971,63,50,110,38
SPW00013025,"ROTA NAS, SP",3/12/1971,58,49,120,33.3
SPW00013025,"ROTA NAS, SP",3/13/1971,65,48,120,24.2
SPW00013025,"ROTA NAS, SP",3/14/1971,60,50,310,28.9
SPW00013025,"ROTA NAS, SP",3/15/1971,59,48,220,31.1
SPW00013025,"ROTA NAS, SP",3/16/1971,62,50,260,25.3
SPW00013025,"ROTA NAS, SP",3/17/1971,62,42,300,16.1
SPW00013025,"ROTA NAS, SP",3/18/1971,61,52,240,32.2
SPW00013025,"ROTA NAS, SP",3/19/1971,59,48,240,42.5
SPW00013025,"ROTA NAS, SP",3/20/1971,59,46,300,38
SPW00013025,"ROTA NAS, SP",3/21/1971,57,46,320,25.3
SPW00013025,"ROTA NAS, SP",3/22/1971,57,44,320,20.8
SPW00013025,"ROTA NAS, SP",3/23/1971,60,40,260,12.8
SPW00013025,"ROTA NAS, SP",3/24/1971,68,41,130,27.5
SPW00013025,"ROTA NAS, SP",3/25/1971,66,44,120,24.2
SPW00013025,"ROTA NAS, SP",3/26/1971,76,42,40,19.5
SPW00013025,"ROTA NAS, SP",3/27/1971,77,47,40,34.4
SPW00013025,"ROTA NAS, SP",3/28/1971,70,47,40,33.3
SPW00013025,"ROTA NAS, SP",3/29/1971,63,47,190,23
SPW00013025,"ROTA NAS, SP",3/30/1971,60,48,290,20.8
SPW00013025,"ROTA NAS, SP",3/31/1971,59,44,260,23
SPW00013025,"ROTA NAS, SP",4/1/1971,62,41,280,18.3
SPW00013025,"ROTA NAS, SP",4/2/1971,58,50,240,40.3
SPW00013025,"ROTA NAS, SP",4/3/1971,59,47,240,39.1
SPW00013025,"ROTA NAS, SP",4/4/1971,61,49,270,31.1
SPW00013025,"ROTA NAS, SP",4/5/1971,62,52,180,20.8
SPW00013025,"ROTA NAS, SP",4/6/1971,60,53,170,27.5
SPW00013025,"ROTA NAS, SP",4/7/1971,60,51,200,33.3
SPW00013025,"ROTA NAS, SP",4/8/1971,62,53,220,27.5
SPW00013025,"ROTA NAS, SP",4/9/1971,62,53,270,20.8
SPW00013025,"ROTA NAS, SP",4/10/1971,64,48,230,21.9
SPW00013025,"ROTA NAS, SP",4/11/1971,69,44,40,13.9
SPW00013025,"ROTA NAS, SP",4/12/1971,62,53,250,17.2
SPW00013025,"ROTA NAS, SP",4/13/1971,64,50,270,15
SPW00013025,"ROTA NAS, SP",4/14/1971,66,45,190,10.3
SPW00013025,"ROTA NAS, SP",4/15/1971,73,46,140,16.1
SPW00013025,"ROTA NAS, SP",4/16/1971,67,50,290,19.5
SPW00013025,"ROTA NAS, SP",4/17/1971,76,47,60,18.3
SPW00013025,"ROTA NAS, SP",4/18/1971,76,47,120,30
SPW00013025,"ROTA NAS, SP",4/19/1971,74,55,140,26.4
SPW00013025,"ROTA NAS, SP",4/20/1971,67,50,130,21.9
SPW00013025,"ROTA NAS, SP",4/21/1971,70,56,150,20.8
SPW00013025,"ROTA NAS, SP",4/22/1971,65,53,310,21.9
SPW00013025,"ROTA NAS, SP",4/23/1971,65,55,280,27.5
SPW00013025,"ROTA NAS, SP",4/24/1971,64,44,290,17.2
SPW00013025,"ROTA NAS, SP",4/25/1971,68,46,280,16.1
SPW00013025,"ROTA NAS, SP",4/26/1971,66,52,260,19.5
SPW00013025,"ROTA NAS, SP",4/27/1971,66,50,200,27.5
SPW00013025,"ROTA NAS, SP",4/28/1971,65,54,180,28.9
SPW00013025,"ROTA NAS, SP",4/29/1971,65,56,240,23
SPW00013025,"ROTA NAS, SP",4/30/1971,66,55,230,16.1
SPW00013025,"ROTA NAS, SP",5/1/1971,64,56,260,24.2
SPW00013025,"ROTA NAS, SP",5/2/1971,64,51,310,20.8
SPW00013025,"ROTA NAS, SP",5/3/1971,68,50,290,17.2
SPW00013025,"ROTA NAS, SP",5/4/1971,66,46,200,15
SPW00013025,"ROTA NAS, SP",5/5/1971,66,59,190,18.3
SPW00013025,"ROTA NAS, SP",5/6/1971,66,53,130,13.9
SPW00013025,"ROTA NAS, SP",5/7/1971,63,54,310,17.2
SPW00013025,"ROTA NAS, SP",5/8/1971,66,54,270,30
SPW00013025,"ROTA NAS, SP",5/9/1971,66,55,300,21.9
SPW00013025,"ROTA NAS, SP",5/10/1971,72,58,190,13.9
SPW00013025,"ROTA NAS, SP",5/11/1971,75,53,260,13.9
SPW00013025,"ROTA NAS, SP",5/12/1971,69,55,190,18.3
SPW00013025,"ROTA NAS, SP",5/13/1971,69,61,190,17.2
SPW00013025,"ROTA NAS, SP",5/14/1971,69,60,200,17.2
SPW00013025,"ROTA NAS, SP",5/15/1971,68,56,180,15
SPW00013025,"ROTA NAS, SP",5/16/1971,68,57,200,23
SPW00013025,"ROTA NAS, SP",5/17/1971,67,56,190,21.9
SPW00013025,"ROTA NAS, SP",5/18/1971,66,53,140,30
SPW00013025,"ROTA NAS, SP",5/19/1971,68,57,260,23
SPW00013025,"ROTA NAS, SP",5/20/1971,67,54,210,23
SPW00013025,"ROTA NAS, SP",5/21/1971,67,54,230,20.8
SPW00013025,"ROTA NAS, SP",5/22/1971,69,59,250,23
SPW00013025,"ROTA NAS, SP",5/23/1971,69,60,260,23
SPW00013025,"ROTA NAS, SP",5/24/1971,65,53,270,28.9
SPW00013025,"ROTA NAS, SP",5/25/1971,66,50,300,26.4
SPW00013025,"ROTA NAS, SP",5/26/1971,68,53,260,24.2
SPW00013025,"ROTA NAS, SP",5/27/1971,66,50,270,24.2
SPW00013025,"ROTA NAS, SP",5/28/1971,66,51,250,17.2
SPW00013025,"ROTA NAS, SP",5/29/1971,71,54,260,16.1
SPW00013025,"ROTA NAS, SP",5/30/1971,79,51,270,19.5
SPW00013025,"ROTA NAS, SP",5/31/1971,81,56,260,15
SPW00013025,"ROTA NAS, SP",6/1/1971,77,53,150,15
SPW00013025,"ROTA NAS, SP",6/2/1971,70,56,250,19.5
SPW00013025,"ROTA NAS, SP",6/3/1971,70,59,200,25.3
SPW00013025,"ROTA NAS, SP",6/4/1971,68,58,240,33.3
SPW00013025,"ROTA NAS, SP",6/5/1971,69,58,260,25.3
SPW00013025,"ROTA NAS, SP",6/6/1971,69,58,260,19.5
SPW00013025,"ROTA NAS, SP",6/7/1971,70,55,260,16.1
SPW00013025,"ROTA NAS, SP",6/8/1971,71,53,230,20.8
SPW00013025,"ROTA NAS, SP",6/9/1971,71,57,260,23
SPW00013025,"ROTA NAS, SP",6/10/1971,70,55,250,23
SPW00013025,"ROTA NAS, SP",6/11/1971,71,54,290,19.5
SPW00013025,"ROTA NAS, SP",6/12/1971,79,52,290,18.3
SPW00013025,"ROTA NAS, SP",6/13/1971,77,54,280,17.2
SPW00013025,"ROTA NAS, SP",6/14/1971,71,62,270,26.4
SPW00013025,"ROTA NAS, SP",6/15/1971,71,50,330,21.9
SPW00013025,"ROTA NAS, SP",6/16/1971,79,53,130,17.2
SPW00013025,"ROTA NAS, SP",6/17/1971,82,51,100,17.2
SPW00013025,"ROTA NAS, SP",6/18/1971,84,52,130,24.2
SPW00013025,"ROTA NAS, SP",6/19/1971,90,55,120,24.2
SPW00013025,"ROTA NAS, SP",6/20/1971,93,57,110,28.9
SPW00013025,"ROTA NAS, SP",6/21/1971,91,58,140,26.4
SPW00013025,"ROTA NAS, SP",6/22/1971,71,60,180,20.8
SPW00013025,"ROTA NAS, SP",6/23/1971,78,58,260,16.1
SPW00013025,"ROTA NAS, SP",6/24/1971,72,62,260,16.1
SPW00013025,"ROTA NAS, SP",6/25/1971,75,60,270,23
SPW00013025,"ROTA NAS, SP",6/26/1971,83,56,300,18.3
SPW00013025,"ROTA NAS, SP",6/27/1971,98,64,330,21.9
SPW00013025,"ROTA NAS, SP",6/28/1971,93,61,110,12.8
SPW00013025,"ROTA NAS, SP",6/29/1971,83,58,240,10.3
SPW00013025,"ROTA NAS, SP",6/30/1971,92,63,260,12.8
SPW00013025,"ROTA NAS, SP",7/1/1971,76,66,190,15
SPW00013025,"ROTA NAS, SP",7/2/1971,76,63,160,15
SPW00013025,"ROTA NAS, SP",7/3/1971,81,57,280,16.1
SPW00013025,"ROTA NAS, SP",7/4/1971,76,62,270,18.3
SPW00013025,"ROTA NAS, SP",7/5/1971,81,60,270,12.8
SPW00013025,"ROTA NAS, SP",7/6/1971,92,68,120,30
SPW00013025,"ROTA NAS, SP",7/7/1971,90,63,110,34.4
SPW00013025,"ROTA NAS, SP",7/8/1971,92,66,110,32.2
SPW00013025,"ROTA NAS, SP",7/9/1971,91,64,120,32.2
SPW00013025,"ROTA NAS, SP",7/10/1971,90,68,110,33.3
SPW00013025,"ROTA NAS, SP",7/11/1971,89,63,130,23
SPW00013025,"ROTA NAS, SP",7/12/1971,81,64,230,16.1
SPW00013025,"ROTA NAS, SP",7/13/1971,76,63,220,18.3
SPW00013025,"ROTA NAS, SP",7/14/1971,78,67,280,13.9
SPW00013025,"ROTA NAS, SP",7/15/1971,78,64,250,19.5
SPW00013025,"ROTA NAS, SP",7/16/1971,76,65,250,17.2
SPW00013025,"ROTA NAS, SP",7/17/1971,78,67,270,19.5
SPW00013025,"ROTA NAS, SP",7/18/1971,78,63,260,18.3
SPW00013025,"ROTA NAS, SP",7/19/1971,81,61,290,19.5
SPW00013025,"ROTA NAS, SP",7/20/1971,84,63,280,16.1
SPW00013025,"ROTA NAS, SP",7/21/1971,84,61,280,13.9
SPW00013025,"ROTA NAS, SP",7/22/1971,88,59,290,17.2
SPW00013025,"ROTA NAS, SP",7/23/1971,78,67,260,19.5
SPW00013025,"ROTA NAS, SP",7/24/1971,80,66,280,17.2
SPW00013025,"ROTA NAS, SP",7/25/1971,84,62,280,17.2
SPW00013025,"ROTA NAS, SP",7/26/1971,82,63,270,19.5
SPW00013025,"ROTA NAS, SP",7/27/1971,87,64,300,18.3
SPW00013025,"ROTA NAS, SP",7/28/1971,95,65,120,23
SPW00013025,"ROTA NAS, SP",7/29/1971,95,75,150,19.5
SPW00013025,"ROTA NAS, SP",7/30/1971,94,73,130,20.8
SPW00013025,"ROTA NAS, SP",7/31/1971,97,69,290,17.2
SPW00013025,"ROTA NAS, SP",8/1/1971,82,68,280,18.3
SPW00013025,"ROTA NAS, SP",8/2/1971,81,61,280,18.3
SPW00013025,"ROTA NAS, SP",8/3/1971,76,59,290,18.3
SPW00013025,"ROTA NAS, SP",8/4/1971,77,60,270,17.2
SPW00013025,"ROTA NAS, SP",8/5/1971,77,58,280,17.2
SPW00013025,"ROTA NAS, SP",8/6/1971,74,61,270,27.5
SPW00013025,"ROTA NAS, SP",8/7/1971,82,59,350,23
SPW00013025,"ROTA NAS, SP",8/8/1971,73,60,130,23
SPW00013025,"ROTA NAS, SP",8/9/1971,80,58,290,16.1
SPW00013025,"ROTA NAS, SP",8/10/1971,72,59,270,15
SPW00013025,"ROTA NAS, SP",8/11/1971,75,62,280,17.2
SPW00013025,"ROTA NAS, SP",8/12/1971,88,60,330,15
SPW00013025,"ROTA NAS, SP",8/13/1971,89,66,130,23
SPW00013025,"ROTA NAS, SP",8/14/1971,78,64,190,12.8
SPW00013025,"ROTA NAS, SP",8/15/1971,84,61,280,15
SPW00013025,"ROTA NAS, SP",8/16/1971,80,64,280,15
SPW00013025,"ROTA NAS, SP",8/17/1971,75,61,270,26.4
SPW00013025,"ROTA NAS, SP",8/18/1971,73,59,320,18.3
SPW00013025,"ROTA NAS, SP",8/19/1971,76,56,270,20.8
SPW00013025,"ROTA NAS, SP",8/20/1971,85,55,20,20.8
SPW00013025,"ROTA NAS, SP",8/21/1971,84,55,270,13.9
SPW00013025,"ROTA NAS, SP",8/22/1971,88,58,150,23
SPW00013025,"ROTA NAS, SP",8/23/1971,78,63,130,16.1
SPW00013025,"ROTA NAS, SP",8/24/1971,73,60,270,20.8
SPW00013025,"ROTA NAS, SP",8/25/1971,72,55,250,17.2
SPW00013025,"ROTA NAS, SP",8/26/1971,74,55,280,19.5
SPW00013025,"ROTA NAS, SP",8/27/1971,94,54,20,18.3
SPW00013025,"ROTA NAS, SP",8/28/1971,90,66,110,25.3
SPW00013025,"ROTA NAS, SP",8/29/1971,86,64,270,17.2
SPW00013025,"ROTA NAS, SP",8/30/1971,78,56,260,18.3
SPW00013025,"ROTA NAS, SP",8/31/1971,74,56,240,11.4
SPW00013025,"ROTA NAS, SP",9/1/1971,85,54,120,25.3
SPW00013025,"ROTA NAS, SP",9/2/1971,90,59,110,31.1
SPW00013025,"ROTA NAS, SP",9/3/1971,95,74,130,33.3
SPW00013025,"ROTA NAS, SP",9/4/1971,89,69,120,31.1
SPW00013025,"ROTA NAS, SP",9/5/1971,76,63,130,33.3
SPW00013025,"ROTA NAS, SP",9/6/1971,74,58,290,17.2
SPW00013025,"ROTA NAS, SP",9/7/1971,74,56,280,17.2
SPW00013025,"ROTA NAS, SP",9/8/1971,79,57,30,13.9
SPW00013025,"ROTA NAS, SP",9/9/1971,73,64,260,20.8
SPW00013025,"ROTA NAS, SP",9/10/1971,75,62,260,15
SPW00013025,"ROTA NAS, SP",9/11/1971,73,58,270,18.3
SPW00013025,"ROTA NAS, SP",9/12/1971,79,56,250,16.1
SPW00013025,"ROTA NAS, SP",9/13/1971,78,57,200,15
SPW00013025,"ROTA NAS, SP",9/14/1971,82,57,260,16.1
SPW00013025,"ROTA NAS, SP",9/15/1971,88,64,130,25.3
SPW00013025,"ROTA NAS, SP",9/16/1971,86,64,130,19.5
SPW00013025,"ROTA NAS, SP",9/17/1971,85,62,120,21.9
SPW00013025,"ROTA NAS, SP",9/18/1971,88,60,270,16.1
SPW00013025,"ROTA NAS, SP",9/19/1971,77,59,280,17.2
SPW00013025,"ROTA NAS, SP",9/20/1971,76,59,180,16.1
SPW00013025,"ROTA NAS, SP",9/21/1971,76,60,250,13.9
SPW00013025,"ROTA NAS, SP",9/22/1971,81,58,350,13.9
SPW00013025,"ROTA NAS, SP",9/23/1971,80,66,210,16.1
SPW00013025,"ROTA NAS, SP",9/24/1971,79,60,280,16.1
SPW00013025,"ROTA NAS, SP",9/25/1971,78,60,200,15
SPW00013025,"ROTA NAS, SP",9/26/1971,76,58,210,15
SPW00013025,"ROTA NAS, SP",9/27/1971,80,59,280,15
SPW00013025,"ROTA NAS, SP",9/28/1971,89,59,160,16.1
SPW00013025,"ROTA NAS, SP",9/29/1971,92,56,120,23
SPW00013025,"ROTA NAS, SP",9/30/1971,92,58,110,13.9
SPW00013025,"ROTA NAS, SP",10/1/1971,84,68,210,19.5
SPW00013025,"ROTA NAS, SP",10/2/1971,84,68,140,15
SPW00013025,"ROTA NAS, SP",10/3/1971,87,62,90,27.5
SPW00013025,"ROTA NAS, SP",10/4/1971,84,60,290,16.1
SPW00013025,"ROTA NAS, SP",10/5/1971,85,60,40,28.9
SPW00013025,"ROTA NAS, SP",10/6/1971,85,57,120,24.2
SPW00013025,"ROTA NAS, SP",10/7/1971,83,56,120,30
SPW00013025,"ROTA NAS, SP",10/8/1971,73,58,200,16.1
SPW00013025,"ROTA NAS, SP",10/9/1971,76,57,250,15
SPW00013025,"ROTA NAS, SP",10/10/1971,73,58,260,15
SPW00013025,"ROTA NAS, SP",10/11/1971,82,60,130,23
SPW00013025,"ROTA NAS, SP",10/12/1971,84,59,140,23
SPW00013025,"ROTA NAS, SP",10/13/1971,92,66,130,27.5
SPW00013025,"ROTA NAS, SP",10/14/1971,80,67,280,21.9
SPW00013025,"ROTA NAS, SP",10/15/1971,80,61,300,21.9
SPW00013025,"ROTA NAS, SP",10/16/1971,76,61,300,18.3
SPW00013025,"ROTA NAS, SP",10/17/1971,76,62,270,20.8
SPW00013025,"ROTA NAS, SP",10/18/1971,82,57,130,19.5
SPW00013025,"ROTA NAS, SP",10/19/1971,79,55,130,24.2
SPW00013025,"ROTA NAS, SP",10/20/1971,80,53,120,20.8
SPW00013025,"ROTA NAS, SP",10/21/1971,77,57,100,36.7
SPW00013025,"ROTA NAS, SP",10/22/1971,77,55,110,32.2
SPW00013025,"ROTA NAS, SP",10/23/1971,78,53,90,25.3
SPW00013025,"ROTA NAS, SP",10/24/1971,76,53,110,32.2
SPW00013025,"ROTA NAS, SP",10/25/1971,77,59,110,28.9
SPW00013025,"ROTA NAS, SP",10/26/1971,73,55,180,11.4
SPW00013025,"ROTA NAS, SP",10/27/1971,81,50,340,17.2
SPW00013025,"ROTA NAS, SP",10/28/1971,80,52,120,20.8
SPW00013025,"ROTA NAS, SP",10/29/1971,76,52,120,34.4
SPW00013025,"ROTA NAS, SP",10/30/1971,76,63,120,28.9
SPW00013025,"ROTA NAS, SP",10/31/1971,72,60,120,30
SPW00013025,"ROTA NAS, SP",11/1/1971,71,55,120,24.2
SPW00013025,"ROTA NAS, SP",11/2/1971,74,57,110,33.3
SPW00013025,"ROTA NAS, SP",11/3/1971,73,53,110,34.4
SPW00013025,"ROTA NAS, SP",11/4/1971,73,55,110,39.1
SPW00013025,"ROTA NAS, SP",11/5/1971,75,50,100,20.8
SPW00013025,"ROTA NAS, SP",11/6/1971,64,52,320,25.3
SPW00013025,"ROTA NAS, SP",11/7/1971,61,42,360,26.4
SPW00013025,"ROTA NAS, SP",11/8/1971,63,39,270,24.2
SPW00013025,"ROTA NAS, SP",11/9/1971,62,51,330,33.3
SPW00013025,"ROTA NAS, SP",11/10/1971,57,44,330,32.2
SPW00013025,"ROTA NAS, SP",11/11/1971,56,37,310,23
SPW00013025,"ROTA NAS, SP",11/12/1971,60,35,330,13.9
SPW00013025,"ROTA NAS, SP",11/13/1971,62,32,330,12.8
SPW00013025,"ROTA NAS, SP",11/14/1971,61,36,280,15
SPW00013025,"ROTA NAS, SP",11/15/1971,67,44,110,28.9
SPW00013025,"ROTA NAS, SP",11/16/1971,72,43,120,18.3
SPW00013025,"ROTA NAS, SP",11/17/1971,70,43,100,26.4
SPW00013025,"ROTA NAS, SP",11/18/1971,71,43,110,13.9
SPW00013025,"ROTA NAS, SP",11/19/1971,68,41,320,15
SPW00013025,"ROTA NAS, SP",11/20/1971,70,42,20,18.3
SPW00013025,"ROTA NAS, SP",11/21/1971,67,41,290,12.8
SPW00013025,"ROTA NAS, SP",11/22/1971,64,50,290,21.9
SPW00013025,"ROTA NAS, SP",11/23/1971,65,45,40,19.5
SPW00013025,"ROTA NAS, SP",11/24/1971,56,38,300,23
SPW00013025,"ROTA NAS, SP",11/25/1971,52,39,50,39.1
SPW00013025,"ROTA NAS, SP",11/26/1971,53,39,30,33.3
SPW00013025,"ROTA NAS, SP",11/27/1971,58,37,250,10.3
SPW00013025,"ROTA NAS, SP",11/28/1971,58,41,320,19.5
SPW00013025,"ROTA NAS, SP",11/29/1971,58,36,310,19.5
SPW00013025,"ROTA NAS, SP",11/30/1971,60,52,330,32.2
SPW00013025,"ROTA NAS, SP",12/1/1971,59,44,280,23
SPW00013025,"ROTA NAS, SP",12/2/1971,56,36,270,23
SPW00013025,"ROTA NAS, SP",12/3/1971,57,44,290,28.9
SPW00013025,"ROTA NAS, SP",12/4/1971,56,39,30,27.5
SPW00013025,"ROTA NAS, SP",12/5/1971,57,41,40,20.8
SPW00013025,"ROTA NAS, SP",12/6/1971,59,40,260,12.8
SPW00013025,"ROTA NAS, SP",12/7/1971,54,45,160,16.1
SPW00013025,"ROTA NAS, SP",12/8/1971,61,40,70,11.4
SPW00013025,"ROTA NAS, SP",12/9/1971,64,40,70,18.3
SPW00013025,"ROTA NAS, SP",12/10/1971,64,37,30,20.8
SPW00013025,"ROTA NAS, SP",12/11/1971,66,36,120,17.2
SPW00013025,"ROTA NAS, SP",12/12/1971,63,38,110,21.9
SPW00013025,"ROTA NAS, SP",12/13/1971,60,40,100,33.3
SPW00013025,"ROTA NAS, SP",12/14/1971,62,47,80,23
SPW00013025,"ROTA NAS, SP",12/15/1971,55,45,120,19.5
SPW00013025,"ROTA NAS, SP",12/16/1971,65,46,90,25.3
SPW00013025,"ROTA NAS, SP",12/17/1971,63,47,130,17.2
SPW00013025,"ROTA NAS, SP",12/18/1971,63,42,30,13.9
SPW00013025,"ROTA NAS, SP",12/19/1971,63,40,60,16.1
SPW00013025,"ROTA NAS, SP",12/20/1971,65,45,130,17.2
SPW00013025,"ROTA NAS, SP",12/21/1971,63,40,100,26.4
SPW00013025,"ROTA NAS, SP",12/22/1971,65,43,110,27.5
SPW00013025,"ROTA NAS, SP",12/23/1971,61,46,160,13.9
SPW00013025,"ROTA NAS, SP",12/24/1971,58,45,360,11.4
SPW00013025,"ROTA NAS, SP",12/25/1971,58,43,90,35.6
SPW00013025,"ROTA NAS, SP",12/26/1971,62,45,240,11.4
SPW00013025,"ROTA NAS, SP",12/27/1971,57,41,140,11.4
SPW00013025,"ROTA NAS, SP",12/28/1971,58,39,300,34.4
SPW00013025,"ROTA NAS, SP",12/29/1971,59,47,260,48.3
SPW00013025,"ROTA NAS, SP",12/30/1971,55,45,260,25.3
SPW00013025,"ROTA NAS, SP",12/31/1971,55,40,290,16.1
SPW00013025,"ROTA NAS, SP",1/1/1972,60,38,160,28.9
SPW00013025,"ROTA NAS, SP",1/2/1972,59,47,220,27.5
SPW00013025,"ROTA NAS, SP",1/3/1972,55,41,40,19.5
SPW00013025,"ROTA NAS, SP",1/4/1972,59,48,120,32.2
SPW00013025,"ROTA NAS, SP",1/5/1972,60,52,120,33.3
SPW00013025,"ROTA NAS, SP",1/6/1972,61,50,110,31.1
SPW00013025,"ROTA NAS, SP",1/7/1972,63,47,10,9.2
SPW00013025,"ROTA NAS, SP",1/8/1972,60,47,180,25.3
SPW00013025,"ROTA NAS, SP",1/9/1972,62,53,190,35.6
SPW00013025,"ROTA NAS, SP",1/10/1972,62,43,60,10.3
SPW00013025,"ROTA NAS, SP",1/11/1972,61,44,300,24.2
SPW00013025,"ROTA NAS, SP",1/12/1972,58,46,320,19.5
SPW00013025,"ROTA NAS, SP",1/13/1972,61,42,260,19.5
SPW00013025,"ROTA NAS, SP",1/14/1972,59,55,230,31.1
SPW00013025,"ROTA NAS, SP",1/15/1972,63,49,270,35.6
SPW00013025,"ROTA NAS, SP",1/16/1972,57,46,310,50.6
SPW00013025,"ROTA NAS, SP",1/17/1972,55,47,300,46.1
SPW00013025,"ROTA NAS, SP",1/18/1972,55,42,320,28.9
SPW00013025,"ROTA NAS, SP",1/19/1972,57,40,260,18.3
SPW00013025,"ROTA NAS, SP",1/20/1972,60,49,240,32.2
SPW00013025,"ROTA NAS, SP",1/21/1972,56,42,310,21.9
SPW00013025,"ROTA NAS, SP",1/22/1972,54,40,30,13.9
SPW00013025,"ROTA NAS, SP",1/23/1972,51,35,30,28.9
SPW00013025,"ROTA NAS, SP",1/24/1972,51,32,20,13.9
SPW00013025,"ROTA NAS, SP",1/25/1972,54,35,310,12.8
SPW00013025,"ROTA NAS, SP",1/26/1972,55,35,330,12.8
SPW00013025,"ROTA NAS, SP",1/27/1972,58,38,300,18.3
SPW00013025,"ROTA NAS, SP",1/28/1972,54,37,270,15
SPW00013025,"ROTA NAS, SP",1/29/1972,55,34,300,13.9
SPW00013025,"ROTA NAS, SP",1/30/1972,55,34,270,10.3
SPW00013025,"ROTA NAS, SP",1/31/1972,57,42,180,28.9
SPW00013025,"ROTA NAS, SP",2/1/1972,56,48,190,41.4
SPW00013025,"ROTA NAS, SP",2/2/1972,56,52,210,25.3
SPW00013025,"ROTA NAS, SP",2/3/1972,56,50,230,35.6
SPW00013025,"ROTA NAS, SP",2/4/1972,55,49,250,38
SPW00013025,"ROTA NAS, SP",2/5/1972,57,48,160,35.6
SPW00013025,"ROTA NAS, SP",2/6/1972,56,48,230,28.9
SPW00013025,"ROTA NAS, SP",2/7/1972,58,48,270,26.4
SPW00013025,"ROTA NAS, SP",2/8/1972,61,52,240,21.9
SPW00013025,"ROTA NAS, SP",2/9/1972,57,44,260,28.9
SPW00013025,"ROTA NAS, SP",2/10/1972,58,50,300,23
SPW00013025,"ROTA NAS, SP",2/11/1972,60,51,250,30
SPW00013025,"ROTA NAS, SP",2/12/1972,58,51,250,25.3
SPW00013025,"ROTA NAS, SP",2/13/1972,60,45,270,19.5
SPW00013025,"ROTA NAS, SP",2/14/1972,65,42,40,27.5
SPW00013025,"ROTA NAS, SP",2/15/1972,64,44,110,25.3
SPW00013025,"ROTA NAS, SP",2/16/1972,56,43,300,21.9
SPW00013025,"ROTA NAS, SP",2/17/1972,55,37,260,17.2
SPW00013025,"ROTA NAS, SP",2/18/1972,56,43,290,24.2
SPW00013025,"ROTA NAS, SP",2/19/1972,57,43,300,28.9
SPW00013025,"ROTA NAS, SP",2/20/1972,58,50,290,26.4
SPW00013025,"ROTA NAS, SP",2/21/1972,61,48,110,36.7
SPW00013025,"ROTA NAS, SP",2/22/1972,62,52,90,35.6
SPW00013025,"ROTA NAS, SP",2/23/1972,62,49,20,17.2
SPW00013025,"ROTA NAS, SP",2/24/1972,62,45,220,15
SPW00013025,"ROTA NAS, SP",2/25/1972,60,46,260,16.1
SPW00013025,"ROTA NAS, SP",2/26/1972,59,45,230,21.9
SPW00013025,"ROTA NAS, SP",2/27/1972,58,45,290,25.3
SPW00013025,"ROTA NAS, SP",2/28/1972,58,47,150,27.5
SPW00013025,"ROTA NAS, SP",2/29/1972,63,43,300,17.2
SPW00013025,"ROTA NAS, SP",3/1/1972,58,48,290,33.3
SPW00013025,"ROTA NAS, SP",3/2/1972,55,37,340,20.8
SPW00013025,"ROTA NAS, SP",3/3/1972,59,51,250,20.8
SPW00013025,"ROTA NAS, SP",3/4/1972,60,54,240,28.9
SPW00013025,"ROTA NAS, SP",3/5/1972,63,54,250,28.9
SPW00013025,"ROTA NAS, SP",3/6/1972,62,54,260,24.2
SPW00013025,"ROTA NAS, SP",3/7/1972,60,50,270,27.5
SPW00013025,"ROTA NAS, SP",3/8/1972,55,42,310,20.8
SPW00013025,"ROTA NAS, SP",3/9/1972,57,40,290,23
SPW00013025,"ROTA NAS, SP",3/10/1972,56,48,250,27.5
SPW00013025,"ROTA NAS, SP",3/11/1972,55,44,190,21.9
SPW00013025,"ROTA NAS, SP",3/12/1972,59,46,140,26.4
SPW00013025,"ROTA NAS, SP",3/13/1972,60,45,260,24.2
SPW00013025,"ROTA NAS, SP",3/14/1972,60,50,190,32.2
SPW00013025,"ROTA NAS, SP",3/15/1972,55,48,260,18.3
SPW00013025,"ROTA NAS, SP",3/16/1972,60,46,280,15
SPW00013025,"ROTA NAS, SP",3/17/1972,62,41,130,17.2
SPW00013025,"ROTA NAS, SP",3/18/1972,64,48,130,32.2
SPW00013025,"ROTA NAS, SP",3/19/1972,57,45,260,30
SPW00013025,"ROTA NAS, SP",3/20/1972,61,41,260,13.9
SPW00013025,"ROTA NAS, SP",3/21/1972,62,41,130,24.2
SPW00013025,"ROTA NAS, SP",3/22/1972,69,47,120,32.2
SPW00013025,"ROTA NAS, SP",3/23/1972,56,52,120,35.6
SPW00013025,"ROTA NAS, SP",3/24/1972,63,45,300,12.8
SPW00013025,"ROTA NAS, SP",3/25/1972,69,44,30,17.2
SPW00013025,"ROTA NAS, SP",3/26/1972,67,47,300,15
SPW00013025,"ROTA NAS, SP",3/27/1972,71,46,130,18.3
SPW00013025,"ROTA NAS, SP",3/28/1972,74,47,90,21.9
SPW00013025,"ROTA NAS, SP",3/29/1972,65,53,170,16.1
SPW00013025,"ROTA NAS, SP",3/30/1972,64,53,260,18.3
SPW00013025,"ROTA NAS, SP",3/31/1972,67,49,290,15
SPW00013025,"ROTA NAS, SP",4/1/1972,68,47,150,17.2
SPW00013025,"ROTA NAS, SP",4/2/1972,69,47,50,15
SPW00013025,"ROTA NAS, SP",4/3/1972,72,47,270,11.4
SPW00013025,"ROTA NAS, SP",4/4/1972,69,49,280,17.2
SPW00013025,"ROTA NAS, SP",4/5/1972,66,55,250,24.2
SPW00013025,"ROTA NAS, SP",4/6/1972,72,49,280,18.3
SPW00013025,"ROTA NAS, SP",4/7/1972,75,48,320,23
SPW00013025,"ROTA NAS, SP",4/8/1972,65,50,270,20.8
SPW00013025,"ROTA NAS, SP",4/9/1972,64,46,300,28.9
SPW00013025,"ROTA NAS, SP",4/10/1972,62,43,260,26.4
SPW00013025,"ROTA NAS, SP",4/11/1972,64,54,260,24.2
SPW00013025,"ROTA NAS, SP",4/12/1972,65,50,300,18.3
SPW00013025,"ROTA NAS, SP",4/13/1972,77,45,180,12.8
SPW00013025,"ROTA NAS, SP",4/14/1972,76,49,220,16.1
SPW00013025,"ROTA NAS, SP",4/15/1972,75,50,130,39.1
SPW00013025,"ROTA NAS, SP",4/16/1972,79,45,20,25.3
SPW00013025,"ROTA NAS, SP",4/17/1972,72,46,40,27.5
SPW00013025,"ROTA NAS, SP",4/18/1972,67,41,30,24.2
SPW00013025,"ROTA NAS, SP",4/19/1972,68,42,220,18.3
SPW00013025,"ROTA NAS, SP",4/20/1972,69,44,260,23
SPW00013025,"ROTA NAS, SP",4/21/1972,64,44,300,31.1
SPW00013025,"ROTA NAS, SP",4/22/1972,65,48,260,18.3
SPW00013025,"ROTA NAS, SP",4/23/1972,65,44,190,18.3
SPW00013025,"ROTA NAS, SP",4/24/1972,62,50,130,23
SPW00013025,"ROTA NAS, SP",4/25/1972,64,48,230,18.3
SPW00013025,"ROTA NAS, SP",4/26/1972,64,55,270,25.3
SPW00013025,"ROTA NAS, SP",4/27/1972,71,44,40,20.8
SPW00013025,"ROTA NAS, SP",4/28/1972,75,45,260,13.9
SPW00013025,"ROTA NAS, SP",4/29/1972,66,47,260,24.2
SPW00013025,"ROTA NAS, SP",4/30/1972,64,53,220,28.9
SPW00013025,"ROTA NAS, SP",5/1/1972,61,49,240,34.4
SPW00013025,"ROTA NAS, SP",5/2/1972,62,51,270,31.1
SPW00013025,"ROTA NAS, SP",5/3/1972,64,51,280,26.4
SPW00013025,"ROTA NAS, SP",5/4/1972,65,51,230,18.3
SPW00013025,"ROTA NAS, SP",5/5/1972,63,56,240,21.9
SPW00013025,"ROTA NAS, SP",5/6/1972,65,49,330,18.3
SPW00013025,"ROTA NAS, SP",5/7/1972,70,44,280,16.1
SPW00013025,"ROTA NAS, SP",5/8/1972,74,49,290,17.2
SPW00013025,"ROTA NAS, SP",5/9/1972,78,52,270,18.3
SPW00013025,"ROTA NAS, SP",5/10/1972,86,53,280,16.1
SPW00013025,"ROTA NAS, SP",5/11/1972,81,55,150,18.3
SPW00013025,"ROTA NAS, SP",5/12/1972,76,58,260,31.1
SPW00013025,"ROTA NAS, SP",5/13/1972,67,53,260,34.4
SPW00013025,"ROTA NAS, SP",5/14/1972,66,50,310,27.5
SPW00013025,"ROTA NAS, SP",5/15/1972,67,46,250,18.3
SPW00013025,"ROTA NAS, SP",5/16/1972,67,44,260,21.9
SPW00013025,"ROTA NAS, SP",5/17/1972,69,50,280,24.2
SPW00013025,"ROTA NAS, SP",5/18/1972,67,45,250,21.9
SPW00013025,"ROTA NAS, SP",5/19/1972,67,55,270,18.3
SPW00013025,"ROTA NAS, SP",5/20/1972,76,47,60,18.3
SPW00013025,"ROTA NAS, SP",5/21/1972,73,48,270,16.1
SPW00013025,"ROTA NAS, SP",5/22/1972,70,50,260,20.8
SPW00013025,"ROTA NAS, SP",5/23/1972,73,49,280,19.5
SPW00013025,"ROTA NAS, SP",5/24/1972,84,50,40,20.8
SPW00013025,"ROTA NAS, SP",5/25/1972,89,57,120,27.5
SPW00013025,"ROTA NAS, SP",5/26/1972,87,55,150,20.8
SPW00013025,"ROTA NAS, SP",5/27/1972,89,58,280,17.2
SPW00013025,"ROTA NAS, SP",5/28/1972,89,58,120,26.4
SPW00013025,"ROTA NAS, SP",5/29/1972,87,65,130,21.9
SPW00013025,"ROTA NAS, SP",5/30/1972,79,58,230,15
SPW00013025,"ROTA NAS, SP",5/31/1972,72,57,200,13.9
SPW00013025,"ROTA NAS, SP",6/1/1972,77,59,230,16.1
SPW00013025,"ROTA NAS, SP",6/2/1972,75,58,270,17.2
SPW00013025,"ROTA NAS, SP",6/3/1972,70,62,180,19.5
SPW00013025,"ROTA NAS, SP",6/4/1972,70,61,260,16.1
SPW00013025,"ROTA NAS, SP",6/5/1972,72,54,260,23
SPW00013025,"ROTA NAS, SP",6/6/1972,72,50,270,21.9
SPW00013025,"ROTA NAS, SP",6/7/1972,81,53,280,20.8
SPW00013025,"ROTA NAS, SP",6/8/1972,82,52,150,23
SPW00013025,"ROTA NAS, SP",6/9/1972,81,54,110,20.8
SPW00013025,"ROTA NAS, SP",6/10/1972,75,57,260,26.4
SPW00013025,"ROTA NAS, SP",6/11/1972,70,55,310,25.3
SPW00013025,"ROTA NAS, SP",6/12/1972,69,53,230,23
SPW00013025,"ROTA NAS, SP",6/13/1972,68,58,260,27.5
SPW00013025,"ROTA NAS, SP",6/14/1972,68,55,270,25.3
SPW00013025,"ROTA NAS, SP",6/15/1972,67,49,260,20.8
SPW00013025,"ROTA NAS, SP",6/16/1972,71,49,260,19.5
SPW00013025,"ROTA NAS, SP",6/17/1972,72,48,270,16.1
SPW00013025,"ROTA NAS, SP",6/18/1972,73,58,270,17.2
SPW00013025,"ROTA NAS, SP",6/19/1972,73,53,250,16.1
SPW00013025,"ROTA NAS, SP",6/20/1972,67,53,260,11.4
SPW00013025,"ROTA NAS, SP",6/21/1972,73,56,270,15
SPW00013025,"ROTA NAS, SP",6/22/1972,80,55,280,18.3
SPW00013025,"ROTA NAS, SP",6/23/1972,90,59,290,17.2
SPW00013025,"ROTA NAS, SP",6/24/1972,87,61,260,15
SPW00013025,"ROTA NAS, SP",6/25/1972,71,65,160,23
SPW00013025,"ROTA NAS, SP",6/26/1972,76,62,240,24.2
SPW00013025,"ROTA NAS, SP",6/27/1972,77,61,140,21.9
SPW00013025,"ROTA NAS, SP",6/28/1972,74,57,270,19.5
SPW00013025,"ROTA NAS, SP",6/29/1972,78,55,270,17.2
SPW00013025,"ROTA NAS, SP",6/30/1972,82,53,280,17.2
SPW00013025,"ROTA NAS, SP",7/1/1972,83,62,210,17.2
SPW00013025,"ROTA NAS, SP",7/2/1972,84,61,250,15
SPW00013025,"ROTA NAS, SP",7/3/1972,86,64,140,20.8
SPW00013025,"ROTA NAS, SP",7/4/1972,82,57,270,25.3
SPW00013025,"ROTA NAS, SP",7/5/1972,72,61,260,21.9
SPW00013025,"ROTA NAS, SP",7/6/1972,74,62,240,20.8
SPW00013025,"ROTA NAS, SP",7/7/1972,73,56,150,12.8
SPW00013025,"ROTA NAS, SP",7/8/1972,76,60,260,16.1
SPW00013025,"ROTA NAS, SP",7/9/1972,78,64,270,15
SPW00013025,"ROTA NAS, SP",7/10/1972,94,62,290,20.8
SPW00013025,"ROTA NAS, SP",7/11/1972,93,67,120,21.9
SPW00013025,"ROTA NAS, SP",7/12/1972,94,70,120,32.2
SPW00013025,"ROTA NAS, SP",7/13/1972,93,72,110,35.6
SPW00013025,"ROTA NAS, SP",7/14/1972,76,66,190,24.2
SPW00013025,"ROTA NAS, SP",7/15/1972,72,65,260,17.2
SPW00013025,"ROTA NAS, SP",7/16/1972,74,59,280,20.8
SPW00013025,"ROTA NAS, SP",7/17/1972,75,56,270,18.3
SPW00013025,"ROTA NAS, SP",7/18/1972,75,60,240,19.5
SPW00013025,"ROTA NAS, SP",7/19/1972,75,60,270,21.9
SPW00013025,"ROTA NAS, SP",7/20/1972,84,58,280,19.5
SPW00013025,"ROTA NAS, SP",7/21/1972,87,59,260,18.3
SPW00013025,"ROTA NAS, SP",7/22/1972,90,65,290,16.1
SPW00013025,"ROTA NAS, SP",7/23/1972,93,62,290,17.2
SPW00013025,"ROTA NAS, SP",7/24/1972,88,68,80,24.2
SPW00013025,"ROTA NAS, SP",7/25/1972,79,70,240,26.4
SPW00013025,"ROTA NAS, SP",7/26/1972,80,69,270,17.2
SPW00013025,"ROTA NAS, SP",7/27/1972,76,67,190,17.2
SPW00013025,"ROTA NAS, SP",7/28/1972,76,66,220,18.3
SPW00013025,"ROTA NAS, SP",7/29/1972,78,59,270,17.2
SPW00013025,"ROTA NAS, SP",7/30/1972,79,60,270,17.2
SPW00013025,"ROTA NAS, SP",7/31/1972,90,66,300,18.3
SPW00013025,"ROTA NAS, SP",8/1/1972,74,64,290,19.5
SPW00013025,"ROTA NAS, SP",8/2/1972,78,66,240,21.9
SPW00013025,"ROTA NAS, SP",8/3/1972,78,65,270,15
SPW00013025,"ROTA NAS, SP",8/4/1972,92,65,140,27.5
SPW00013025,"ROTA NAS, SP",8/5/1972,85,63,120,20.8
SPW00013025,"ROTA NAS, SP",8/6/1972,77,63,210,24.2
SPW00013025,"ROTA NAS, SP",8/7/1972,78,62,270,16.1
SPW00013025,"ROTA NAS, SP",8/8/1972,84,60,320,20.8
SPW00013025,"ROTA NAS, SP",8/9/1972,90,63,250,17.2
SPW00013025,"ROTA NAS, SP",8/10/1972,80,67,230,17.2
SPW00013025,"ROTA NAS, SP",8/11/1972,78,67,280,17.2
SPW00013025,"ROTA NAS, SP",8/12/1972,80,55,250,19.5
SPW00013025,"ROTA NAS, SP",8/13/1972,77,63,270,24.2
SPW00013025,"ROTA NAS, SP",8/14/1972,78,58,270,18.3
SPW00013025,"ROTA NAS, SP",8/15/1972,84,58,330,17.2
SPW00013025,"ROTA NAS, SP",8/16/1972,93,65,120,20.8
SPW00013025,"ROTA NAS, SP",8/17/1972,94,65,130,35.6
SPW00013025,"ROTA NAS, SP",8/18/1972,95,68,130,33.3
SPW00013025,"ROTA NAS, SP",8/19/1972,91,72,120,31.1
SPW00013025,"ROTA NAS, SP",8/20/1972,84,68,100,21.9
SPW00013025,"ROTA NAS, SP",8/21/1972,85,63,120,24.2
SPW00013025,"ROTA NAS, SP",8/22/1972,78,64,160,18.3
SPW00013025,"ROTA NAS, SP",8/23/1972,91,63,130,26.4
SPW00013025,"ROTA NAS, SP",8/24/1972,78,68,170,27.5
SPW00013025,"ROTA NAS, SP",8/25/1972,84,64,290,20.8
SPW00013025,"ROTA NAS, SP",8/26/1972,78,59,290,20.8
SPW00013025,"ROTA NAS, SP",8/27/1972,76,63,200,21.9
SPW00013025,"ROTA NAS, SP",8/28/1972,80,61,280,23
SPW00013025,"ROTA NAS, SP",8/29/1972,77,60,260,17.2
SPW00013025,"ROTA NAS, SP",8/30/1972,77,57,290,13.9
SPW00013025,"ROTA NAS, SP",8/31/1972,79,61,260,18.3
SPW00013025,"ROTA NAS, SP",9/1/1972,86,61,140,23
SPW00013025,"ROTA NAS, SP",9/2/1972,82,64,200,26.4
SPW00013025,"ROTA NAS, SP",9/3/1972,75,65,260,23
SPW00013025,"ROTA NAS, SP",9/4/1972,73,66,250,19.5
SPW00013025,"ROTA NAS, SP",9/5/1972,74,63,270,18.3
SPW00013025,"ROTA NAS, SP",9/6/1972,69,55,260,30
SPW00013025,"ROTA NAS, SP",9/7/1972,72,56,270,19.5
SPW00013025,"ROTA NAS, SP",9/8/1972,79,55,270,17.2
SPW00013025,"ROTA NAS, SP",9/9/1972,75,56,270,19.5
SPW00013025,"ROTA NAS, SP",9/10/1972,78,65,270,16.1
SPW00013025,"ROTA NAS, SP",9/11/1972,80,59,310,17.2
SPW00013025,"ROTA NAS, SP",9/12/1972,84,63,120,23
SPW00013025,"ROTA NAS, SP",9/13/1972,85,61,240,18.3
SPW00013025,"ROTA NAS, SP",9/14/1972,76,66,260,31.1
SPW00013025,"ROTA NAS, SP",9/15/1972,76,60,240,18.3
SPW00013025,"ROTA NAS, SP",9/16/1972,79,55,310,16.1
SPW00013025,"ROTA NAS, SP",9/17/1972,83,54,160,32.2
SPW00013025,"ROTA NAS, SP",9/18/1972,75,54,260,19.5
SPW00013025,"ROTA NAS, SP",9/19/1972,74,57,180,19.5
SPW00013025,"ROTA NAS, SP",9/20/1972,73,63,260,18.3
SPW00013025,"ROTA NAS, SP",9/21/1972,67,62,260,18.3
SPW00013025,"ROTA NAS, SP",9/22/1972,74,53,250,18.3
SPW00013025,"ROTA NAS, SP",9/23/1972,74,54,290,16.1
SPW00013025,"ROTA NAS, SP",9/24/1972,77,52,240,12.8
SPW00013025,"ROTA NAS, SP",9/25/1972,73,59,170,27.5
SPW00013025,"ROTA NAS, SP",9/26/1972,75,60,180,25.3
SPW00013025,"ROTA NAS, SP",9/27/1972,75,64,170,26.4
SPW00013025,"ROTA NAS, SP",9/28/1972,80,64,130,23
SPW00013025,"ROTA NAS, SP",9/29/1972,82,59,120,28.9
SPW00013025,"ROTA NAS, SP",9/30/1972,79,61,140,26.4
SPW00013025,"ROTA NAS, SP",10/1/1972,74,65,230,21.9
SPW00013025,"ROTA NAS, SP",10/2/1972,72,62,190,18.3
SPW00013025,"ROTA NAS, SP",10/3/1972,80,60,170,27.5
SPW00013025,"ROTA NAS, SP",10/4/1972,73,66,220,36.7
SPW00013025,"ROTA NAS, SP",10/5/1972,75,64,210,28.9
SPW00013025,"ROTA NAS, SP",10/6/1972,73,60,220,27.5
SPW00013025,"ROTA NAS, SP",10/7/1972,74,59,320,15
SPW00013025,"ROTA NAS, SP",10/8/1972,81,59,120,20.8
SPW00013025,"ROTA NAS, SP",10/9/1972,81,58,130,20.8
SPW00013025,"ROTA NAS, SP",10/10/1972,73,59,270,18.3
SPW00013025,"ROTA NAS, SP",10/11/1972,68,58,340,23
SPW00013025,"ROTA NAS, SP",10/12/1972,67,57,280,23
SPW00013025,"ROTA NAS, SP",10/13/1972,69,58,280,40.3
SPW00013025,"ROTA NAS, SP",10/14/1972,67,54,170,12.8
SPW00013025,"ROTA NAS, SP",10/15/1972,72,55,170,13.9
SPW00013025,"ROTA NAS, SP",10/16/1972,77,55,150,30
SPW00013025,"ROTA NAS, SP",10/17/1972,69,59,220,33.3
SPW00013025,"ROTA NAS, SP",10/18/1972,74,56,120,16.1
SPW00013025,"ROTA NAS, SP",10/19/1972,68,60,140,42.5
SPW00013025,"ROTA NAS, SP",10/20/1972,72,62,250,31.1
SPW00013025,"ROTA NAS, SP",10/21/1972,72,55,290,12.8
SPW00013025,"ROTA NAS, SP",10/22/1972,75,56,30,17.2
SPW00013025,"ROTA NAS, SP",10/23/1972,76,54,140,25.3
SPW00013025,"ROTA NAS, SP",10/24/1972,76,63,110,27.5
SPW00013025,"ROTA NAS, SP",10/25/1972,70,61,240,16.1
SPW00013025,"ROTA NAS, SP",10/26/1972,72,61,210,21.9
SPW00013025,"ROTA NAS, SP",10/27/1972,70,57,250,26.4
SPW00013025,"ROTA NAS, SP",10/28/1972,67,47,30,18.3
SPW00013025,"ROTA NAS, SP",10/29/1972,71,46,90,13.9
SPW00013025,"ROTA NAS, SP",10/30/1972,70,48,150,18.3
SPW00013025,"ROTA NAS, SP",10/31/1972,69,56,310,20.8
SPW00013025,"ROTA NAS, SP",11/1/1972,67,50,260,17.2
SPW00013025,"ROTA NAS, SP",11/2/1972,66,54,270,21.9
SPW00013025,"ROTA NAS, SP",11/3/1972,64,54,170,18.3
SPW00013025,"ROTA NAS, SP",11/4/1972,64,54,60,16.1
SPW00013025,"ROTA NAS, SP",11/5/1972,61,51,90,34.4
SPW00013025,"ROTA NAS, SP",11/6/1972,68,49,170,17.2
SPW00013025,"ROTA NAS, SP",11/7/1972,71,51,200,10.3
SPW00013025,"ROTA NAS, SP",11/8/1972,68,55,290,11.4
SPW00013025,"ROTA NAS, SP",11/9/1972,70,51,30,9.2
SPW00013025,"ROTA NAS, SP",11/10/1972,71,50,40,13.9
SPW00013025,"ROTA NAS, SP",11/11/1972,68,50,30,12.8
SPW00013025,"ROTA NAS, SP",11/12/1972,71,48,90,6.9
SPW00013025,"ROTA NAS, SP",11/13/1972,73,50,60,6.9
SPW00013025,"ROTA NAS, SP",11/14/1972,65,48,310,11.4
SPW00013025,"ROTA NAS, SP",11/15/1972,67,48,360,17.2
SPW00013025,"ROTA NAS, SP",11/16/1972,74,49,50,17.2
SPW00013025,"ROTA NAS, SP",11/17/1972,67,48,330,12.8
SPW00013025,"ROTA NAS, SP",11/18/1972,66,55,280,20.8
SPW00013025,"ROTA NAS, SP",11/19/1972,65,50,280,17.2
SPW00013025,"ROTA NAS, SP",11/20/1972,69,61,260,23
SPW00013025,"ROTA NAS, SP",11/21/1972,70,55,290,13.9
SPW00013025,"ROTA NAS, SP",11/22/1972,68,53,140,18.3
SPW00013025,"ROTA NAS, SP",11/23/1972,76,47,90,8.1
SPW00013025,"ROTA NAS, SP",11/24/1972,70,48,60,16.1
SPW00013025,"ROTA NAS, SP",11/25/1972,70,51,100,36.7
SPW00013025,"ROTA NAS, SP",11/26/1972,66,49,30,27.5
SPW00013025,"ROTA NAS, SP",11/27/1972,60,43,40,35.6
SPW00013025,"ROTA NAS, SP",11/28/1972,65,47,130,30
SPW00013025,"ROTA NAS, SP",11/29/1972,61,45,10,19.5
SPW00013025,"ROTA NAS, SP",11/30/1972,61,45,300,24.2
SPW00013025,"ROTA NAS, SP",12/1/1972,61,45,310,13.9
SPW00013025,"ROTA NAS, SP",12/2/1972,62,49,220,41.4
SPW00013025,"ROTA NAS, SP",12/3/1972,55,43,310,25.3
SPW00013025,"ROTA NAS, SP",12/4/1972,58,38,20,13.9
SPW00013025,"ROTA NAS, SP",12/5/1972,59,43,60,19.5
SPW00013025,"ROTA NAS, SP",12/6/1972,65,35,60,17.2
SPW00013025,"ROTA NAS, SP",12/7/1972,64,45,260,24.2
SPW00013025,"ROTA NAS, SP",12/8/1972,62,53,220,35.6
SPW00013025,"ROTA NAS, SP",12/9/1972,59,51,160,30
SPW00013025,"ROTA NAS, SP",12/10/1972,59,47,150,16.1
SPW00013025,"ROTA NAS, SP",12/11/1972,63,43,100,16.1
SPW00013025,"ROTA NAS, SP",12/12/1972,62,42,90,18.3
SPW00013025,"ROTA NAS, SP",12/13/1972,58,42,30,18.3
SPW00013025,"ROTA NAS, SP",12/14/1972,64,44,120,30
SPW00013025,"ROTA NAS, SP",12/15/1972,65,54,140,24.2
SPW00013025,"ROTA NAS, SP",12/16/1972,64,56,140,24.2
SPW00013025,"ROTA NAS, SP",12/17/1972,63,54,120,26.4
SPW00013025,"ROTA NAS, SP",12/18/1972,58,45,120,15
SPW00013025,"ROTA NAS, SP",12/19/1972,67,43,110,18.3
SPW00013025,"ROTA NAS, SP",12/20/1972,63,43,130,26.4
SPW00013025,"ROTA NAS, SP",12/21/1972,64,43,90,20.8
SPW00013025,"ROTA NAS, SP",12/22/1972,64,44,30,17.2
SPW00013025,"ROTA NAS, SP",12/23/1972,64,43,20,12.8
SPW00013025,"ROTA NAS, SP",12/24/1972,65,45,120,23
SPW00013025,"ROTA NAS, SP",12/25/1972,61,46,270,21.9
SPW00013025,"ROTA NAS, SP",12/26/1972,65,51,170,26.4
SPW00013025,"ROTA NAS, SP",12/27/1972,63,54,210,31.1
SPW00013025,"ROTA NAS, SP",12/28/1972,59,45,310,17.2
SPW00013025,"ROTA NAS, SP",12/29/1972,55,40,310,20.8
SPW00013025,"ROTA NAS, SP",12/30/1972,57,38,20,24.2
SPW00013025,"ROTA NAS, SP",12/31/1972,58,39,30,9.2
SPW00013025,"ROTA NAS, SP",1/1/1973,58,43,320,30
SPW00013025,"ROTA NAS, SP",1/2/1973,60,40,20,11.4
SPW00013025,"ROTA NAS, SP",1/3/1973,62,39,40,15
SPW00013025,"ROTA NAS, SP",1/4/1973,65,40,130,15
SPW00013025,"ROTA NAS, SP",1/5/1973,62,43,360,15
SPW00013025,"ROTA NAS, SP",1/6/1973,61,39,20,9.2
SPW00013025,"ROTA NAS, SP",1/7/1973,61,40,30,10.3
SPW00013025,"ROTA NAS, SP",1/8/1973,62,40,40,10.3
SPW00013025,"ROTA NAS, SP",1/9/1973,62,39,40,12.8
SPW00013025,"ROTA NAS, SP",1/10/1973,62,41,150,13.9
SPW00013025,"ROTA NAS, SP",1/11/1973,64,45,170,16.1
SPW00013025,"ROTA NAS, SP",1/12/1973,63,50,160,28.9
SPW00013025,"ROTA NAS, SP",1/13/1973,61,50,160,30
SPW00013025,"ROTA NAS, SP",1/14/1973,62,42,210,23
SPW00013025,"ROTA NAS, SP",1/15/1973,65,54,220,32.2
SPW00013025,"ROTA NAS, SP",1/16/1973,63,50,250,49.4
SPW00013025,"ROTA NAS, SP",1/17/1973,64,52,260,50.6
SPW00013025,"ROTA NAS, SP",1/18/1973,60,50,310,35.6
SPW00013025,"ROTA NAS, SP",1/19/1973,62,48,220,30
SPW00013025,"ROTA NAS, SP",1/20/1973,65,54,260,24.2
SPW00013025,"ROTA NAS, SP",1/21/1973,64,50,280,20.8
SPW00013025,"ROTA NAS, SP",1/22/1973,61,45,320,25.3
SPW00013025,"ROTA NAS, SP",1/23/1973,56,40,30,34.4
SPW00013025,"ROTA NAS, SP",1/24/1973,60,35,70,15
SPW00013025,"ROTA NAS, SP",1/25/1973,62,37,170,12.8
SPW00013025,"ROTA NAS, SP",1/26/1973,63,43,360,11.4
SPW00013025,"ROTA NAS, SP",1/27/1973,62,42,20,12.8
SPW00013025,"ROTA NAS, SP",1/28/1973,60,41,270,11.4
SPW00013025,"ROTA NAS, SP",1/29/1973,51,42,60,10.3
SPW00013025,"ROTA NAS, SP",1/30/1973,58,45,310,23
SPW00013025,"ROTA NAS, SP",1/31/1973,59,38,310,23
SPW00013025,"ROTA NAS, SP",2/1/1973,59,48,300,26.4
SPW00013025,"ROTA NAS, SP",2/2/1973,58,40,30,26.4
SPW00013025,"ROTA NAS, SP",2/3/1973,57,36,40,23
SPW00013025,"ROTA NAS, SP",2/4/1973,61,34,100,28.9
SPW00013025,"ROTA NAS, SP",2/5/1973,64,35,110,33.3
SPW00013025,"ROTA NAS, SP",2/6/1973,66,38,110,17.2
SPW00013025,"ROTA NAS, SP",2/7/1973,68,38,180,13.9
SPW00013025,"ROTA NAS, SP",2/8/1973,64,44,30,11.4
SPW00013025,"ROTA NAS, SP",2/9/1973,64,54,210,12.8
SPW00013025,"ROTA NAS, SP",2/10/1973,60,47,40,24.2
SPW00013025,"ROTA NAS, SP",2/11/1973,61,44,30,28.9
SPW00013025,"ROTA NAS, SP",2/12/1973,63,40,30,20.8
SPW00013025,"ROTA NAS, SP",2/13/1973,56,38,330,25.3
SPW00013025,"ROTA NAS, SP",2/14/1973,58,48,300,34.4
SPW00013025,"ROTA NAS, SP",2/15/1973,58,46,290,40.3
SPW00013025,"ROTA NAS, SP",2/16/1973,58,42,310,32.2
SPW00013025,"ROTA NAS, SP",2/17/1973,58,35,330,15
SPW00013025,"ROTA NAS, SP",2/18/1973,58,38,300,19.5
SPW00013025,"ROTA NAS, SP",2/19/1973,58,36,50,30
SPW00013025,"ROTA NAS, SP",2/20/1973,61,35,300,16.1
SPW00013025,"ROTA NAS, SP",2/21/1973,61,44,140,12.8
SPW00013025,"ROTA NAS, SP",2/22/1973,62,43,280,17.2
SPW00013025,"ROTA NAS, SP",2/23/1973,68,42,50,18.3
SPW00013025,"ROTA NAS, SP",2/24/1973,62,40,280,21.9
SPW00013025,"ROTA NAS, SP",2/25/1973,61,50,280,26.4
SPW00013025,"ROTA NAS, SP",2/26/1973,62,52,310,23
SPW00013025,"ROTA NAS, SP",2/27/1973,67,46,280,17.2
SPW00013025,"ROTA NAS, SP",2/28/1973,69,43,120,38
SPW00013025,"ROTA NAS, SP",3/1/1973,64,50,120,38
SPW00013025,"ROTA NAS, SP",3/2/1973,66,41,290,16.1
SPW00013025,"ROTA NAS, SP",3/3/1973,73,38,130,27.5
SPW00013025,"ROTA NAS, SP",3/4/1973,60,42,110,31.1
SPW00013025,"ROTA NAS, SP",3/5/1973,68,44,110,17.2
SPW00013025,"ROTA NAS, SP",3/6/1973,67,46,260,12.8
SPW00013025,"ROTA NAS, SP",3/7/1973,66,47,130,25.3
SPW00013025,"ROTA NAS, SP",3/8/1973,71,47,110,23
SPW00013025,"ROTA NAS, SP",3/9/1973,66,46,110,35.6
SPW00013025,"ROTA NAS, SP",3/10/1973,63,53,130,32.2
SPW00013025,"ROTA NAS, SP",3/11/1973,54,48,130,32.2
SPW00013025,"ROTA NAS, SP",3/12/1973,62,46,320,25.3
SPW00013025,"ROTA NAS, SP",3/13/1973,61,49,270,21.9
SPW00013025,"ROTA NAS, SP",3/14/1973,63,51,300,20.8
SPW00013025,"ROTA NAS, SP",3/15/1973,62,46,300,15
SPW00013025,"ROTA NAS, SP",3/16/1973,63,40,50,16.1
SPW00013025,"ROTA NAS, SP",3/17/1973,63,40,220,18.3
SPW00013025,"ROTA NAS, SP",3/18/1973,64,43,100,21.9
SPW00013025,"ROTA NAS, SP",3/19/1973,68,40,100,27.5
SPW00013025,"ROTA NAS, SP",3/20/1973,63,56,120,40.3
SPW00013025,"ROTA NAS, SP",3/21/1973,57,50,120,30
SPW00013025,"ROTA NAS, SP",3/22/1973,61,47,20,23
SPW00013025,"ROTA NAS, SP",3/23/1973,66,47,250,15
SPW00013025,"ROTA NAS, SP",3/24/1973,63,46,270,17.2
SPW00013025,"ROTA NAS, SP",3/25/1973,63,47,290,25.3
SPW00013025,"ROTA NAS, SP",3/26/1973,60,40,270,18.3
SPW00013025,"ROTA NAS, SP",3/27/1973,62,50,250,18.3
SPW00013025,"ROTA NAS, SP",3/28/1973,68,58,300,25.3
SPW00013025,"ROTA NAS, SP",3/29/1973,70,48,50,27.5
SPW00013025,"ROTA NAS, SP",3/30/1973,73,42,300,16.1
SPW00013025,"ROTA NAS, SP",3/31/1973,68,44,120,20.8
SPW00013025,"ROTA NAS, SP",4/1/1973,70,45,140,20.8
SPW00013025,"ROTA NAS, SP",4/2/1973,75,42,60,17.2
SPW00013025,"ROTA NAS, SP",4/3/1973,77,44,300,18.3
SPW00013025,"ROTA NAS, SP",4/4/1973,77,47,130,18.3
SPW00013025,"ROTA NAS, SP",4/5/1973,77,46,110,24.2
SPW00013025,"ROTA NAS, SP",4/6/1973,80,45,100,24.2
SPW00013025,"ROTA NAS, SP",4/7/1973,82,46,50,12.8
SPW00013025,"ROTA NAS, SP",4/8/1973,65,58,250,18.3
SPW00013025,"ROTA NAS, SP",4/9/1973,62,47,330,28.9
SPW00013025,"ROTA NAS, SP",4/10/1973,64,38,360,20.8
SPW00013025,"ROTA NAS, SP",4/11/1973,70,38,40,19.5
SPW00013025,"ROTA NAS, SP",4/12/1973,70,40,60,17.2
SPW00013025,"ROTA NAS, SP",4/13/1973,81,46,120,28.9
SPW00013025,"ROTA NAS, SP",4/14/1973,73,52,110,31.1
SPW00013025,"ROTA NAS, SP",4/15/1973,72,55,100,31.1
SPW00013025,"ROTA NAS, SP",4/16/1973,66,49,120,36.7
SPW00013025,"ROTA NAS, SP",4/17/1973,71,47,110,28.9
SPW00013025,"ROTA NAS, SP",4/18/1973,72,48,40,19.5
SPW00013025,"ROTA NAS, SP",4/19/1973,74,42,260,18.3
SPW00013025,"ROTA NAS, SP",4/20/1973,70,50,230,17.2
SPW00013025,"ROTA NAS, SP",4/21/1973,72,51,230,13.9
SPW00013025,"ROTA NAS, SP",4/22/1973,68,55,160,16.1
SPW00013025,"ROTA NAS, SP",4/23/1973,67,56,250,27.5
SPW00013025,"ROTA NAS, SP",4/24/1973,70,51,300,17.2
SPW00013025,"ROTA NAS, SP",4/25/1973,69,50,180,16.1
SPW00013025,"ROTA NAS, SP",4/26/1973,78,52,210,17.2
SPW00013025,"ROTA NAS, SP",4/27/1973,72,52,230,16.1
SPW00013025,"ROTA NAS, SP",4/28/1973,71,62,240,20.8
SPW00013025,"ROTA NAS, SP",4/29/1973,79,54,270,19.5
SPW00013025,"ROTA NAS, SP",4/30/1973,81,54,130,18.3
SPW00013025,"ROTA NAS, SP",5/1/1973,72,65,140,20.8
SPW00013025,"ROTA NAS, SP",5/2/1973,75,65,210,23
SPW00013025,"ROTA NAS, SP",5/3/1973,73,62,220,24.2
SPW00013025,"ROTA NAS, SP",5/4/1973,70,61,180,30
SPW00013025,"ROTA NAS, SP",5/5/1973,72,60,290,26.4
SPW00013025,"ROTA NAS, SP",5/6/1973,73,50,290,17.2
SPW00013025,"ROTA NAS, SP",5/7/1973,79,52,290,19.5
SPW00013025,"ROTA NAS, SP",5/8/1973,84,55,40,23
SPW00013025,"ROTA NAS, SP",5/9/1973,83,55,110,28.9
SPW00013025,"ROTA NAS, SP",5/10/1973,79,53,110,24.2
SPW00013025,"ROTA NAS, SP",5/11/1973,76,54,230,12.8
SPW00013025,"ROTA NAS, SP",5/12/1973,85,59,120,21.9
SPW00013025,"ROTA NAS, SP",5/13/1973,86,55,110,31.1
SPW00013025,"ROTA NAS, SP",5/14/1973,88,65,130,27.5
SPW00013025,"ROTA NAS, SP",5/15/1973,73,64,190,23
SPW00013025,"ROTA NAS, SP",5/16/1973,70,62,150,33.3
SPW00013025,"ROTA NAS, SP",5/17/1973,70,62,220,24.2
SPW00013025,"ROTA NAS, SP",5/18/1973,70,59,250,28.9
SPW00013025,"ROTA NAS, SP",5/19/1973,70,60,200,28.9
SPW00013025,"ROTA NAS, SP",5/20/1973,68,60,230,30
SPW00013025,"ROTA NAS, SP",5/21/1973,70,61,210,16.1
SPW00013025,"ROTA NAS, SP",5/22/1973,71,61,220,19.5
SPW00013025,"ROTA NAS, SP",5/23/1973,88,53,40,17.2
SPW00013025,"ROTA NAS, SP",5/24/1973,91,61,130,33.3
SPW00013025,"ROTA NAS, SP",5/25/1973,83,62,120,28.9
SPW00013025,"ROTA NAS, SP",5/26/1973,80,63,120,19.5
SPW00013025,"ROTA NAS, SP",5/27/1973,74,64,250,15
SPW00013025,"ROTA NAS, SP",5/28/1973,75,57,260,20.8
SPW00013025,"ROTA NAS, SP",5/29/1973,75,55,250,16.1
SPW00013025,"ROTA NAS, SP",5/30/1973,77,54,290,16.1
SPW00013025,"ROTA NAS, SP",5/31/1973,72,59,150,23
SPW00013025,"ROTA NAS, SP",6/1/1973,74,61,250,21.9
SPW00013025,"ROTA NAS, SP",6/2/1973,78,52,280,20.8
SPW00013025,"ROTA NAS, SP",6/3/1973,72,55,220,19.5
SPW00013025,"ROTA NAS, SP",6/4/1973,75,60,250,21.9
SPW00013025,"ROTA NAS, SP",6/5/1973,70,59,210,18.3
SPW00013025,"ROTA NAS, SP",6/6/1973,72,56,270,17.2
SPW00013025,"ROTA NAS, SP",6/7/1973,74,52,270,18.3
SPW00013025,"ROTA NAS, SP",6/8/1973,74,53,270,17.2
SPW00013025,"ROTA NAS, SP",6/9/1973,72,52,250,17.2
SPW00013025,"ROTA NAS, SP",6/10/1973,72,62,230,19.5
SPW00013025,"ROTA NAS, SP",6/11/1973,74,58,260,19.5
SPW00013025,"ROTA NAS, SP",6/12/1973,76,56,280,18.3
SPW00013025,"ROTA NAS, SP",6/13/1973,79,56,250,15
SPW00013025,"ROTA NAS, SP",6/14/1973,88,60,120,32.2
SPW00013025,"ROTA NAS, SP",6/15/1973,78,66,230,26.4
SPW00013025,"ROTA NAS, SP",6/16/1973,82,58,270,18.3
SPW00013025,"ROTA NAS, SP",6/17/1973,86,62,120,23
SPW00013025,"ROTA NAS, SP",6/18/1973,88,65,140,23
SPW00013025,"ROTA NAS, SP",6/19/1973,86,66,300,17.2
SPW00013025,"ROTA NAS, SP",6/20/1973,77,66,220,17.2
SPW00013025,"ROTA NAS, SP",6/21/1973,80,66,230,18.3
SPW00013025,"ROTA NAS, SP",6/22/1973,84,60,110,25.3
SPW00013025,"ROTA NAS, SP",6/23/1973,93,60,90,27.5
SPW00013025,"ROTA NAS, SP",6/24/1973,88,66,140,26.4
SPW00013025,"ROTA NAS, SP",6/25/1973,82,62,180,24.2
SPW00013025,"ROTA NAS, SP",6/26/1973,75,60,200,18.3
SPW00013025,"ROTA NAS, SP",6/27/1973,78,62,260,16.1
SPW00013025,"ROTA NAS, SP",6/28/1973,82,54,270,17.2
SPW00013025,"ROTA NAS, SP",6/29/1973,85,58,290,18.3
SPW00013025,"ROTA NAS, SP",6/30/1973,80,58,230,17.2
SPW00013025,"ROTA NAS, SP",7/1/1973,83,59,280,17.2
SPW00013025,"ROTA NAS, SP",7/2/1973,88,58,280,16.1
SPW00013025,"ROTA NAS, SP",7/3/1973,90,60,250,15
SPW00013025,"ROTA NAS, SP",7/4/1973,91,63,260,19.5
SPW00013025,"ROTA NAS, SP",7/5/1973,83,66,270,26.4
SPW00013025,"ROTA NAS, SP",7/6/1973,83,60,300,20.8
SPW00013025,"ROTA NAS, SP",7/7/1973,83,64,260,19.5
SPW00013025,"ROTA NAS, SP",7/8/1973,83,66,250,18.3
SPW00013025,"ROTA NAS, SP",7/9/1973,78,61,260,16.1
SPW00013025,"ROTA NAS, SP",7/10/1973,73,63,280,12.8
SPW00013025,"ROTA NAS, SP",7/11/1973,78,66,260,19.5
SPW00013025,"ROTA NAS, SP",7/12/1973,78,65,270,23
SPW00013025,"ROTA NAS, SP",7/13/1973,78,66,270,19.5
SPW00013025,"ROTA NAS, SP",7/14/1973,79,68,260,19.5
SPW00013025,"ROTA NAS, SP",7/15/1973,78,65,260,25.3
SPW00013025,"ROTA NAS, SP",7/16/1973,77,66,270,18.3
SPW00013025,"ROTA NAS, SP",7/17/1973,74,60,260,25.3
SPW00013025,"ROTA NAS, SP",7/18/1973,80,60,290,23
SPW00013025,"ROTA NAS, SP",7/19/1973,89,58,220,15
SPW00013025,"ROTA NAS, SP",7/20/1973,84,61,270,17.2
SPW00013025,"ROTA NAS, SP",7/21/1973,82,58,280,18.3
SPW00013025,"ROTA NAS, SP",7/22/1973,84,62,290,19.5
SPW00013025,"ROTA NAS, SP",7/23/1973,80,56,190,17.2
SPW00013025,"ROTA NAS, SP",7/24/1973,97,60,310,17.2
SPW00013025,"ROTA NAS, SP",7/25/1973,103,65,280,13.9
SPW00013025,"ROTA NAS, SP",7/26/1973,92,64,140,23
SPW00013025,"ROTA NAS, SP",7/27/1973,94,72,110,26.4
SPW00013025,"ROTA NAS, SP",7/28/1973,82,64,260,20.8
SPW00013025,"ROTA NAS, SP",7/29/1973,77,61,230,13.9
SPW00013025,"ROTA NAS, SP",7/30/1973,91,62,100,26.4
SPW00013025,"ROTA NAS, SP",7/31/1973,83,62,180,23
SPW00013025,"ROTA NAS, SP",8/1/1973,79,63,270,15
SPW00013025,"ROTA NAS, SP",8/2/1973,77,60,300,17.2
SPW00013025,"ROTA NAS, SP",8/3/1973,76,62,270,16.1
SPW00013025,"ROTA NAS, SP",8/4/1973,83,62,280,12.8
SPW00013025,"ROTA NAS, SP",8/5/1973,97,62,150,30
SPW00013025,"ROTA NAS, SP",8/6/1973,92,66,140,25.3
SPW00013025,"ROTA NAS, SP",8/7/1973,88,68,150,23
SPW00013025,"ROTA NAS, SP",8/8/1973,98,68,130,25.3
SPW00013025,"ROTA NAS, SP",8/9/1973,96,67,110,27.5
SPW00013025,"ROTA NAS, SP",8/10/1973,91,66,190,20.8
SPW00013025,"ROTA NAS, SP",8/11/1973,84,70,150,21.9
SPW00013025,"ROTA NAS, SP",8/12/1973,93,66,120,23
SPW00013025,"ROTA NAS, SP",8/13/1973,96,68,110,18.3
SPW00013025,"ROTA NAS, SP",8/14/1973,92,66,280,15
SPW00013025,"ROTA NAS, SP",8/15/1973,86,67,280,19.5
SPW00013025,"ROTA NAS, SP",8/16/1973,83,64,300,21.9
SPW00013025,"ROTA NAS, SP",8/17/1973,79,64,250,18.3
SPW00013025,"ROTA NAS, SP",8/18/1973,81,60,290,15
SPW00013025,"ROTA NAS, SP",8/19/1973,84,60,260,15
SPW00013025,"ROTA NAS, SP",8/20/1973,105,63,280,30
SPW00013025,"ROTA NAS, SP",8/21/1973,97,74,60,28.9
SPW00013025,"ROTA NAS, SP",8/22/1973,84,65,280,15
SPW00013025,"ROTA NAS, SP",8/23/1973,90,66,220,16.1
SPW00013025,"ROTA NAS, SP",8/24/1973,87,70,250,17.2
SPW00013025,"ROTA NAS, SP",8/25/1973,82,73,220,16.1
SPW00013025,"ROTA NAS, SP",8/26/1973,82,65,160,17.2
SPW00013025,"ROTA NAS, SP",8/27/1973,84,65,240,18.3
SPW00013025,"ROTA NAS, SP",8/28/1973,85,60,180,13.9
SPW00013025,"ROTA NAS, SP",8/29/1973,93,72,110,23
SPW00013025,"ROTA NAS, SP",8/30/1973,89,71,270,17.2
SPW00013025,"ROTA NAS, SP",8/31/1973,85,63,170,23
SPW00013025,"ROTA NAS, SP",9/1/1973,93,68,130,28.9
SPW00013025,"ROTA NAS, SP",9/2/1973,91,71,110,28.9
SPW00013025,"ROTA NAS, SP",9/3/1973,90,71,150,27.5
SPW00013025,"ROTA NAS, SP",9/4/1973,80,69,180,23
SPW00013025,"ROTA NAS, SP",9/5/1973,79,60,270,19.5
SPW00013025,"ROTA NAS, SP",9/6/1973,77,60,260,25.3
SPW00013025,"ROTA NAS, SP",9/7/1973,80,60,270,23
SPW00013025,"ROTA NAS, SP",9/8/1973,79,57,280,17.2
SPW00013025,"ROTA NAS, SP",9/9/1973,79,56,200,18.3
SPW00013025,"ROTA NAS, SP",9/10/1973,82,58,290,16.1
SPW00013025,"ROTA NAS, SP",9/11/1973,84,63,290,17.2
SPW00013025,"ROTA NAS, SP",9/12/1973,82,65,290,23
SPW00013025,"ROTA NAS, SP",9/13/1973,80,63,270,17.2
SPW00013025,"ROTA NAS, SP",9/14/1973,82,58,270,18.3
SPW00013025,"ROTA NAS, SP",9/15/1973,84,61,290,19.5
SPW00013025,"ROTA NAS, SP",9/16/1973,82,64,260,19.5
SPW00013025,"ROTA NAS, SP",9/17/1973,78,62,210,18.3
SPW00013025,"ROTA NAS, SP",9/18/1973,81,61,230,13.9
SPW00013025,"ROTA NAS, SP",9/19/1973,82,56,280,16.1
SPW00013025,"ROTA NAS, SP",9/20/1973,79,58,280,19.5
SPW00013025,"ROTA NAS, SP",9/21/1973,76,61,260,25.3
SPW00013025,"ROTA NAS, SP",9/22/1973,78,57,290,19.5
SPW00013025,"ROTA NAS, SP",9/23/1973,82,54,270,20.8
SPW00013025,"ROTA NAS, SP",9/24/1973,84,56,40,31.1
SPW00013025,"ROTA NAS, SP",9/25/1973,86,52,10,19.5
SPW00013025,"ROTA NAS, SP",9/26/1973,89,53,280,15
SPW00013025,"ROTA NAS, SP",9/27/1973,80,56,170,11.4
SPW00013025,"ROTA NAS, SP",9/28/1973,78,54,220,17.2
SPW00013025,"ROTA NAS, SP",9/29/1973,75,58,240,12.8
SPW00013025,"ROTA NAS, SP",9/30/1973,72,56,280,24.2
SPW00013025,"ROTA NAS, SP",10/1/1973,74,51,290,21.9
SPW00013025,"ROTA NAS, SP",10/2/1973,72,47,280,17.2
SPW00013025,"ROTA NAS, SP",10/3/1973,70,44,280,19.5
SPW00013025,"ROTA NAS, SP",10/4/1973,71,47,260,13.9
SPW00013025,"ROTA NAS, SP",10/5/1973,73,49,260,19.5
SPW00013025,"ROTA NAS, SP",10/6/1973,84,52,300,21.9
SPW00013025,"ROTA NAS, SP",10/7/1973,84,52,120,25.3
SPW00013025,"ROTA NAS, SP",10/8/1973,81,58,130,17.2
SPW00013025,"ROTA NAS, SP",10/9/1973,78,57,150,15
SPW00013025,"ROTA NAS, SP",10/10/1973,77,57,240,13.9
SPW00013025,"ROTA NAS, SP",10/11/1973,74,56,290,17.2
SPW00013025,"ROTA NAS, SP",10/12/1973,72,56,260,13.9
SPW00013025,"ROTA NAS, SP",10/13/1973,73,61,280,21.9
SPW00013025,"ROTA NAS, SP",10/14/1973,72,55,260,20.8
SPW00013025,"ROTA NAS, SP",10/15/1973,74,66,220,21.9
SPW00013025,"ROTA NAS, SP",10/16/1973,71,60,310,36.7
SPW00013025,"ROTA NAS, SP",10/17/1973,72,52,280,15
SPW00013025,"ROTA NAS, SP",10/18/1973,69,51,180,16.1
SPW00013025,"ROTA NAS, SP",10/19/1973,61,51,280,13.9
SPW00013025,"ROTA NAS, SP",10/20/1973,71,56,170,19.5
SPW00013025,"ROTA NAS, SP",10/21/1973,80,54,150,15
SPW00013025,"ROTA NAS, SP",10/22/1973,82,53,110,20.8
SPW00013025,"ROTA NAS, SP",10/23/1973,76,46,110,26.4
SPW00013025,"ROTA NAS, SP",10/24/1973,74,50,120,23
SPW00013025,"ROTA NAS, SP",10/25/1973,79,51,120,25.3
SPW00013025,"ROTA NAS, SP",10/26/1973,76,60,120,28.9
SPW00013025,"ROTA NAS, SP",10/27/1973,69,62,140,28.9
SPW00013025,"ROTA NAS, SP",10/28/1973,79,58,140,21.9
SPW00013025,"ROTA NAS, SP",10/29/1973,79,60,110,17.2
SPW00013025,"ROTA NAS, SP",10/30/1973,72,58,130,19.5
SPW00013025,"ROTA NAS, SP",10/31/1973,75,56,180,17.2
SPW00013025,"ROTA NAS, SP",11/1/1973,78,56,120,11.4
SPW00013025,"ROTA NAS, SP",11/2/1973,74,60,140,28.9
SPW00013025,"ROTA NAS, SP",11/3/1973,70,56,210,41.4
SPW00013025,"ROTA NAS, SP",11/4/1973,68,60,190,21.9
SPW00013025,"ROTA NAS, SP",11/5/1973,66,57,160,30
SPW00013025,"ROTA NAS, SP",11/6/1973,64,50,300,16.1
SPW00013025,"ROTA NAS, SP",11/7/1973,65,50,50,18.3
SPW00013025,"ROTA NAS, SP",11/8/1973,71,52,100,30
SPW00013025,"ROTA NAS, SP",11/9/1973,69,49,130,25.3
SPW00013025,"ROTA NAS, SP",11/10/1973,72,50,120,23
SPW00013025,"ROTA NAS, SP",11/11/1973,73,53,50,11.4
SPW00013025,"ROTA NAS, SP",11/12/1973,70,51,30,25.3
SPW00013025,"ROTA NAS, SP",11/13/1973,73,54,120,25.3
SPW00013025,"ROTA NAS, SP",11/14/1973,72,50,350,13.9
SPW00013025,"ROTA NAS, SP",11/15/1973,69,44,30,12.8
SPW00013025,"ROTA NAS, SP",11/16/1973,64,50,180,15
SPW00013025,"ROTA NAS, SP",11/17/1973,67,51,80,15
SPW00013025,"ROTA NAS, SP",11/18/1973,70,46,150,27.5
SPW00013025,"ROTA NAS, SP",11/19/1973,70,51,120,27.5
SPW00013025,"ROTA NAS, SP",11/20/1973,74,58,120,28.9
SPW00013025,"ROTA NAS, SP",11/21/1973,74,60,120,26.4
SPW00013025,"ROTA NAS, SP",11/22/1973,74,63,130,30
SPW00013025,"ROTA NAS, SP",11/23/1973,72,59,140,25.3
SPW00013025,"ROTA NAS, SP",11/24/1973,72,59,140,17.2
SPW00013025,"ROTA NAS, SP",11/25/1973,71,58,120,5.8
SPW00013025,"ROTA NAS, SP",11/26/1973,68,56,40,9.2
SPW00013025,"ROTA NAS, SP",11/27/1973,68,50,70,17.2
SPW00013025,"ROTA NAS, SP",11/28/1973,65,47,60,20.8
SPW00013025,"ROTA NAS, SP",11/29/1973,66,45,50,17.2
SPW00013025,"ROTA NAS, SP",11/30/1973,68,43,40,18.3
SPW00013025,"ROTA NAS, SP",12/1/1973,62,47,300,24.2
SPW00013025,"ROTA NAS, SP",12/2/1973,65,48,30,27.5
SPW00013025,"ROTA NAS, SP",12/3/1973,49,36,30,46.1
SPW00013025,"ROTA NAS, SP",12/4/1973,55,34,30,23
SPW00013025,"ROTA NAS, SP",12/5/1973,60,36,30,18.3
SPW00013025,"ROTA NAS, SP",12/6/1973,57,39,290,9.2
SPW00013025,"ROTA NAS, SP",12/7/1973,65,41,30,13.9
SPW00013025,"ROTA NAS, SP",12/8/1973,58,38,310,17.2
SPW00013025,"ROTA NAS, SP",12/9/1973,57,47,80,19.5
SPW00013025,"ROTA NAS, SP",12/10/1973,63,42,30,15
SPW00013025,"ROTA NAS, SP",12/11/1973,64,41,30,11.4
SPW00013025,"ROTA NAS, SP",12/12/1973,62,38,70,8.1
SPW00013025,"ROTA NAS, SP",12/13/1973,62,41,30,23
SPW00013025,"ROTA NAS, SP",12/14/1973,63,40,30,19.5
SPW00013025,"ROTA NAS, SP",12/15/1973,66,40,20,16.1
SPW00013025,"ROTA NAS, SP",12/16/1973,64,40,260,8.1
SPW00013025,"ROTA NAS, SP",12/17/1973,61,48,300,15
SPW00013025,"ROTA NAS, SP",12/18/1973,61,47,210,26.4
SPW00013025,"ROTA NAS, SP",12/19/1973,62,55,180,47.2
SPW00013025,"ROTA NAS, SP",12/20/1973,57,48,260,50.6
SPW00013025,"ROTA NAS, SP",12/21/1973,59,51,330,18.3
SPW00013025,"ROTA NAS, SP",12/22/1973,62,49,240,39.1
SPW00013025,"ROTA NAS, SP",12/23/1973,59,49,260,32.2
SPW00013025,"ROTA NAS, SP",12/24/1973,59,47,310,19.5
SPW00013025,"ROTA NAS, SP",12/25/1973,60,46,150,19.5
SPW00013025,"ROTA NAS, SP",12/26/1973,56,42,30,19.5
SPW00013025,"ROTA NAS, SP",12/27/1973,57,40,30,13.9
SPW00013025,"ROTA NAS, SP",12/28/1973,58,40,30,18.3
SPW00013025,"ROTA NAS, SP",12/29/1973,59,42,20,24.2
SPW00013025,"ROTA NAS, SP",12/30/1973,56,43,320,16.1
SPW00013025,"ROTA NAS, SP",12/31/1973,56,37,230,9.2
SPW00013025,"ROTA NAS, SP",1/1/1974,55,37,310,11.4
